time,freq
0.00000,0.00000
0.01161,0.00000
0.02322,0.00000
0.03483,0.00000
0.04644,0.00000
0.05805,0.00000
0.06966,0.00000
0.08127,0.00000
0.09288,0.00000
0.10449,0.00000
0.11610,0.00000
0.12771,0.00000
0.13932,0.00000
0.15093,0.00000
0.16254,0.00000
0.17415,0.00000
0.18576,0.00000
0.19737,0.00000
0.20898,0.00000
0.22059,0.00000
0.23220,0.00000
0.24381,0.00000
0.25542,0.00000
0.26703,0.00000
0.27864,0.00000
0.29025,0.00000
0.30186,261.62557
0.31347,261.62557
0.32508,261.62557
0.33669,261.62557
0.34830,261.62557
0.35991,261.62557
0.37152,261.62557
0.38313,261.62557
0.39474,261.62557
0.40635,261.62557
0.41796,261.62557
0.42957,261.62557
0.44118,261.62557
0.45279,261.62557
0.46440,261.62557
0.47601,261.62557
0.48762,261.62557
0.49923,261.62557
0.51084,261.62557
0.52245,261.62557
0.53406,261.62557
0.54567,261.62557
0.55728,261.62557
0.56889,261.62557
0.58050,261.62557
0.59211,0.00000
0.60372,293.66477
0.61533,293.66477
0.62694,293.66477
0.63855,293.66477
0.65016,293.66477
0.66177,293.66477
0.67338,293.66477
0.68499,293.66477
0.69660,293.66477
0.70821,293.66477
0.71982,293.66477
0.73143,293.66477
0.74304,293.66477
0.75465,293.66477
0.76626,293.66477
0.77787,293.66477
0.78948,293.66477
0.80109,293.66477
0.81270,293.66477
0.82431,293.66477
0.83592,293.66477
0.84753,293.66477
0.85914,293.66477
0.87075,293.66477
0.88236,293.66477
0.89397,0.00000
0.90558,261.62557
0.91719,261.62557
0.92880,261.62557
0.94041,261.62557
0.95202,261.62557
0.96363,261.62557
0.97524,261.62557
0.98685,261.62557
0.99846,261.62557
1.01007,261.62557
1.02168,261.62557
1.03329,261.62557
1.04490,261.62557
1.05651,261.62557
1.06812,261.62557
1.07973,261.62557
1.09134,261.62557
1.10295,261.62557
1.11456,261.62557
1.12617,261.62557
1.13778,261.62557
1.14939,261.62557
1.16100,261.62557
1.17261,261.62557
1.18422,261.62557
1.19583,0.00000
1.20744,391.99544
1.21905,391.99544
1.23066,391.99544
1.24227,391.99544
1.25388,391.99544
1.26549,391.99544
1.27710,391.99544
1.28871,391.99544
1.30032,391.99544
1.31193,391.99544
1.32354,391.99544
1.33515,391.99544
1.34676,391.99544
1.35837,391.99544
1.36998,391.99544
1.38159,391.99544
1.39320,391.99544
1.40481,391.99544
1.41642,391.99544
1.42803,391.99544
1.43964,391.99544
1.45125,391.99544
1.46286,391.99544
1.47447,391.99544
1.48608,391.99544
1.49769,0.00000
1.50930,391.99544
1.52091,391.99544
1.53252,391.99544
1.54413,391.99544
1.55574,391.99544
1.56735,391.99544
1.57896,391.99544
1.59057,391.99544
1.60218,391.99544
1.61379,391.99544
1.62540,391.99544
1.63701,391.99544
1.64862,391.99544
1.66023,391.99544
1.67184,391.99544
1.68345,391.99544
1.69506,391.99544
1.70667,391.99544
1.71828,391.99544
1.72989,391.99544
1.74150,391.99544
1.75311,391.99544
1.76472,391.99544
1.77633,391.99544
1.78794,391.99544
1.79955,391.99544
1.81116,391.99544
1.82277,391.99544
1.83438,391.99544
1.84599,391.99544
1.85760,391.99544
1.86921,391.99544
1.88082,391.99544
1.89243,391.99544
1.90404,391.99544
1.91565,391.99544
1.92726,391.99544
1.93887,391.99544
1.95048,391.99544
1.96209,391.99544
1.97370,391.99544
1.98531,391.99544
1.99692,391.99544
2.00853,391.99544
2.02014,391.99544
2.03175,391.99544
2.04336,391.99544
2.05497,391.99544
2.06658,391.99544
2.07819,391.99544
2.08980,391.99544
2.10141,391.99544
2.11302,391.99544
2.12463,391.99544
2.13624,391.99544
2.14785,391.99544
2.15946,391.99544
2.17107,391.99544
2.18268,391.99544
2.19429,391.99544
2.20590,391.99544
2.21751,391.99544
2.22912,391.99544
2.24073,391.99544
2.25234,391.99544
2.26395,391.99544
2.27556,391.99544
2.28717,391.99544
2.29878,391.99544
2.31039,391.99544
2.32200,391.99544
2.33361,391.99544
2.34522,391.99544
2.35683,391.99544
2.36844,391.99544
2.38005,391.99544
2.39166,0.00000
2.40327,0.00000
2.41488,0.00000
2.42649,0.00000
2.43810,0.00000
2.44971,0.00000
2.46132,0.00000
2.47293,0.00000
2.48454,0.00000
2.49615,0.00000
2.50776,0.00000
2.51937,0.00000
2.53098,0.00000
2.54259,0.00000
2.55420,0.00000
2.56580,0.00000
2.57741,0.00000
2.58902,0.00000
2.60063,0.00000
2.61224,0.00000
2.62385,0.00000
2.63546,0.00000
2.64707,0.00000
2.65868,0.00000
2.67029,0.00000
2.68190,0.00000
2.69351,0.00000
2.70512,293.66477
2.71673,293.66477
2.72834,293.66477
2.73995,293.66477
2.75156,293.66477
2.76317,293.66477
2.77478,293.66477
2.78639,293.66477
2.79800,293.66477
2.80961,293.66477
2.82122,293.66477
2.83283,293.66477
2.84444,293.66477
2.85605,293.66477
2.86766,293.66477
2.87927,293.66477
2.89088,293.66477
2.90249,293.66477
2.91410,293.66477
2.92571,293.66477
2.93732,293.66477
2.94893,293.66477
2.96054,293.66477
2.97215,293.66477
2.98376,293.66477
2.99537,0.00000
3.00698,329.62756
3.01859,329.62756
3.03020,329.62756
3.04181,329.62756
3.05342,329.62756
3.06503,329.62756
3.07664,329.62756
3.08825,329.62756
3.09986,329.62756
3.11147,329.62756
3.12308,329.62756
3.13469,329.62756
3.14630,329.62756
3.15791,329.62756
3.16952,329.62756
3.18113,329.62756
3.19274,329.62756
3.20435,329.62756
3.21596,329.62756
3.22757,329.62756
3.23918,329.62756
3.25079,329.62756
3.26240,329.62756
3.27401,329.62756
3.28562,329.62756
3.29723,0.00000
3.30884,293.66477
3.32045,293.66477
3.33206,293.66477
3.34367,293.66477
3.35528,293.66477
3.36689,293.66477
3.37850,293.66477
3.39011,293.66477
3.40172,293.66477
3.41333,293.66477
3.42494,293.66477
3.43655,293.66477
3.44816,293.66477
3.45977,293.66477
3.47138,293.66477
3.48299,293.66477
3.49460,293.66477
3.50621,293.66477
3.51782,293.66477
3.52943,293.66477
3.54104,293.66477
3.55265,293.66477
3.56426,293.66477
3.57587,293.66477
3.58748,293.66477
3.59909,0.00000
3.61070,440.00000
3.62231,440.00000
3.63392,440.00000
3.64553,440.00000
3.65714,440.00000
3.66875,440.00000
3.68036,440.00000
3.69197,440.00000
3.70358,440.00000
3.71519,440.00000
3.72680,440.00000
3.73841,440.00000
3.75002,440.00000
3.76163,440.00000
3.77324,440.00000
3.78485,440.00000
3.79646,440.00000
3.80807,440.00000
3.81968,440.00000
3.83129,440.00000
3.84290,440.00000
3.85451,440.00000
3.86612,440.00000
3.87773,440.00000
3.88934,440.00000
3.90095,440.00000
3.91256,440.00000
3.92417,440.00000
3.93578,440.00000
3.94739,440.00000
3.95900,440.00000
3.97061,440.00000
3.98222,440.00000
3.99383,440.00000
4.00544,440.00000
4.01705,440.00000
4.02866,440.00000
4.04027,440.00000
4.05188,440.00000
4.06349,440.00000
4.07510,440.00000
4.08671,440.00000
4.09832,440.00000
4.10993,440.00000
4.12154,440.00000
4.13315,440.00000
4.14476,440.00000
4.15637,440.00000
4.16798,440.00000
4.17959,440.00000
4.19120,440.00000
4.20281,440.00000
4.21442,440.00000
4.22603,440.00000
4.23764,440.00000
4.24925,440.00000
4.26086,440.00000
4.27247,440.00000
4.28408,440.00000
4.29569,440.00000
4.30730,440.00000
4.31891,440.00000
4.33052,440.00000
4.34213,440.00000
4.35374,440.00000
4.36535,440.00000
4.37696,440.00000
4.38857,440.00000
4.40018,440.00000
4.41179,440.00000
4.42340,440.00000
4.43501,440.00000
4.44662,440.00000
4.45823,440.00000
4.46984,440.00000
4.48145,440.00000
4.49306,440.00000
4.50467,440.00000
4.51628,440.00000
4.52789,440.00000
4.53950,440.00000
4.55111,440.00000
4.56272,440.00000
4.57433,440.00000
4.58594,440.00000
4.59755,440.00000
4.60916,440.00000
4.62077,440.00000
4.63238,440.00000
4.64399,440.00000
4.65560,440.00000
4.66721,440.00000
4.67882,440.00000
4.69043,440.00000
4.70204,440.00000
4.71365,440.00000
4.72526,440.00000
4.73687,440.00000
4.74848,440.00000
4.76009,440.00000
4.77170,440.00000
4.78331,440.00000
4.79492,0.00000
4.80653,0.00000
4.81814,0.00000
4.82975,0.00000
4.84136,0.00000
4.85297,0.00000
4.86458,0.00000
4.87619,0.00000
4.88780,0.00000
4.89941,0.00000
4.91102,0.00000
4.92263,0.00000
4.93424,0.00000
4.94585,0.00000
4.95746,0.00000
4.96907,0.00000
4.98068,0.00000
4.99229,0.00000
5.00390,0.00000
5.01551,0.00000
5.02712,0.00000
5.03873,0.00000
5.05034,0.00000
5.06195,0.00000
5.07356,0.00000
5.08517,0.00000
5.09678,0.00000
5.10839,391.99544
5.12000,391.99544
5.13161,391.99544
5.14322,391.99544
5.15483,391.99544
5.16644,391.99544
5.17805,391.99544
5.18966,391.99544
5.20127,391.99544
5.21288,391.99544
5.22449,391.99544
5.23610,391.99544
5.24771,391.99544
5.25932,391.99544
5.27093,391.99544
5.28254,391.99544
5.29415,391.99544
5.30576,391.99544
5.31737,391.99544
5.32898,391.99544
5.34059,391.99544
5.35220,391.99544
5.36381,391.99544
5.37542,391.99544
5.38703,391.99544
5.39864,0.00000
5.41025,440.00000
5.42186,440.00000
5.43347,440.00000
5.44508,440.00000
5.45669,440.00000
5.46830,440.00000
5.47991,440.00000
5.49152,440.00000
5.50313,440.00000
5.51474,440.00000
5.52635,440.00000
5.53796,440.00000
5.54957,440.00000
5.56118,440.00000
5.57279,440.00000
5.58440,440.00000
5.59601,440.00000
5.60762,440.00000
5.61923,440.00000
5.63084,440.00000
5.64245,440.00000
5.65406,440.00000
5.66567,440.00000
5.67728,440.00000
5.68889,0.00000
5.70050,391.99544
5.71211,391.99544
5.72372,391.99544
5.73533,391.99544
5.74694,391.99544
5.75855,391.99544
5.77016,391.99544
5.78177,391.99544
5.79338,391.99544
5.80499,391.99544
5.81660,391.99544
5.82821,391.99544
5.83982,391.99544
5.85143,391.99544
5.86304,391.99544
5.87465,391.99544
5.88626,391.99544
5.89787,391.99544
5.90948,391.99544
5.92109,391.99544
5.93270,391.99544
5.94431,391.99544
5.95592,391.99544
5.96753,391.99544
5.97914,391.99544
5.99075,0.00000
6.00236,523.25113
6.01397,523.25113
6.02558,523.25113
6.03719,523.25113
6.04880,523.25113
6.06041,523.25113
6.07202,523.25113
6.08363,523.25113
6.09524,523.25113
6.10685,523.25113
6.11846,523.25113
6.13007,523.25113
6.14168,523.25113
6.15329,523.25113
6.16490,523.25113
6.17651,523.25113
6.18812,523.25113
6.19973,523.25113
6.21134,523.25113
6.22295,523.25113
6.23456,523.25113
6.24617,523.25113
6.25778,523.25113
6.26939,523.25113
6.28100,523.25113
6.29261,0.00000
6.30422,523.25113
6.31583,523.25113
6.32744,523.25113
6.33905,523.25113
6.35066,523.25113
6.36227,523.25113
6.37388,523.25113
6.38549,523.25113
6.39710,523.25113
6.40871,523.25113
6.42032,523.25113
6.43193,523.25113
6.44354,523.25113
6.45515,523.25113
6.46676,523.25113
6.47837,523.25113
6.48998,523.25113
6.50159,523.25113
6.51320,523.25113
6.52481,523.25113
6.53642,523.25113
6.54803,523.25113
6.55964,523.25113
6.57125,523.25113
6.58286,523.25113
6.59447,523.25113
6.60608,523.25113
6.61769,523.25113
6.62930,523.25113
6.64091,523.25113
6.65252,523.25113
6.66413,523.25113
6.67574,523.25113
6.68735,523.25113
6.69896,523.25113
6.71057,523.25113
6.72218,523.25113
6.73379,523.25113
6.74540,523.25113
6.75701,523.25113
6.76862,523.25113
6.78023,523.25113
6.79184,523.25113
6.80345,523.25113
6.81506,523.25113
6.82667,523.25113
6.83828,523.25113
6.84989,523.25113
6.86150,523.25113
6.87311,523.25113
6.88472,523.25113
6.89633,0.00000
6.90794,493.88330
6.91955,493.88330
6.93116,493.88330
6.94277,493.88330
6.95438,493.88330
6.96599,493.88330
6.97760,493.88330
6.98921,493.88330
7.00082,493.88330
7.01243,493.88330
7.02404,493.88330
7.03565,493.88330
7.04726,493.88330
7.05887,493.88330
7.07048,493.88330
7.08209,493.88330
7.09370,493.88330
7.10531,493.88330
7.11692,493.88330
7.12853,493.88330
7.14014,493.88330
7.15175,493.88330
7.16336,493.88330
7.17497,493.88330
7.18658,493.88330
7.19819,0.00000
7.20980,587.32954
7.22141,587.32954
7.23302,587.32954
7.24463,587.32954
7.25624,587.32954
7.26785,587.32954
7.27946,587.32954
7.29107,587.32954
7.30268,587.32954
7.31429,587.32954
7.32590,587.32954
7.33751,587.32954
7.34912,587.32954
7.36073,587.32954
7.37234,587.32954
7.38395,587.32954
7.39556,587.32954
7.40717,587.32954
7.41878,587.32954
7.43039,587.32954
7.44200,587.32954
7.45361,587.32954
7.46522,587.32954
7.47683,587.32954
7.48844,0.00000
7.50005,523.25113
7.51166,523.25113
7.52327,523.25113
7.53488,523.25113
7.54649,523.25113
7.55810,523.25113
7.56971,523.25113
7.58132,523.25113
7.59293,523.25113
7.60454,523.25113
7.61615,523.25113
7.62776,523.25113
7.63937,523.25113
7.65098,523.25113
7.66259,523.25113
7.67420,523.25113
7.68580,523.25113
7.69741,523.25113
7.70902,523.25113
7.72063,523.25113
7.73224,523.25113
7.74385,523.25113
7.75546,523.25113
7.76707,523.25113
7.77868,523.25113
7.79029,0.00000
7.80190,440.00000
7.81351,440.00000
7.82512,440.00000
7.83673,440.00000
7.84834,440.00000
7.85995,440.00000
7.87156,440.00000
7.88317,440.00000
7.89478,440.00000
7.90639,440.00000
7.91800,440.00000
7.92961,440.00000
7.94122,440.00000
7.95283,440.00000
7.96444,440.00000
7.97605,440.00000
7.98766,440.00000
7.99927,440.00000
8.01088,440.00000
8.02249,440.00000
8.03410,440.00000
8.04571,440.00000
8.05732,440.00000
8.06893,440.00000
8.08054,440.00000
8.09215,0.00000
8.10376,329.62756
8.11537,329.62756
8.12698,329.62756
8.13859,329.62756
8.15020,329.62756
8.16181,329.62756
8.17342,329.62756
8.18503,329.62756
8.19664,329.62756
8.20825,329.62756
8.21986,329.62756
8.23147,329.62756
8.24308,329.62756
8.25469,329.62756
8.26630,329.62756
8.27791,329.62756
8.28952,329.62756
8.30113,329.62756
8.31274,329.62756
8.32435,329.62756
8.33596,329.62756
8.34757,329.62756
8.35918,329.62756
8.37079,329.62756
8.38240,329.62756
8.39401,329.62756
8.40562,329.62756
8.41723,329.62756
8.42884,329.62756
8.44045,329.62756
8.45206,329.62756
8.46367,329.62756
8.47528,329.62756
8.48689,329.62756
8.49850,329.62756
8.51011,329.62756
8.52172,329.62756
8.53333,329.62756
8.54494,329.62756
8.55655,329.62756
8.56816,329.62756
8.57977,329.62756
8.59138,329.62756
8.60299,329.62756
8.61460,329.62756
8.62621,329.62756
8.63782,329.62756
8.64943,329.62756
8.66104,329.62756
8.67265,329.62756
8.68426,329.62756
8.69587,0.00000
8.70748,311.12698
8.71909,311.12698
8.73070,311.12698
8.74231,311.12698
8.75392,311.12698
8.76553,311.12698
8.77714,311.12698
8.78875,311.12698
8.80036,311.12698
8.81197,311.12698
8.82358,311.12698
8.83519,311.12698
8.84680,311.12698
8.85841,311.12698
8.87002,311.12698
8.88163,311.12698
8.89324,311.12698
8.90485,311.12698
8.91646,311.12698
8.92807,311.12698
8.93968,311.12698
8.95129,311.12698
8.96290,311.12698
8.97451,311.12698
8.98612,311.12698
8.99773,0.00000
9.00934,293.66477
9.02095,293.66477
9.03256,293.66477
9.04417,293.66477
9.05578,293.66477
9.06739,293.66477
9.07900,293.66477
9.09061,293.66477
9.10222,293.66477
9.11383,293.66477
9.12544,293.66477
9.13705,293.66477
9.14866,293.66477
9.16027,293.66477
9.17188,293.66477
9.18349,293.66477
9.19510,293.66477
9.20671,293.66477
9.21832,293.66477
9.22993,293.66477
9.24154,293.66477
9.25315,293.66477
9.26476,293.66477
9.27637,293.66477
9.28798,293.66477
9.29959,293.66477
9.31120,293.66477
9.32281,293.66477
9.33442,293.66477
9.34603,293.66477
9.35764,293.66477
9.36925,293.66477
9.38086,293.66477
9.39247,293.66477
9.40408,293.66477
9.41569,293.66477
9.42730,293.66477
9.43891,293.66477
9.45052,293.66477
9.46213,293.66477
9.47374,293.66477
9.48535,293.66477
9.49696,293.66477
9.50857,293.66477
9.52018,293.66477
9.53179,293.66477
9.54340,293.66477
9.55501,293.66477
9.56662,293.66477
9.57823,293.66477
9.58984,0.00000
9.60145,0.00000
9.61306,0.00000
9.62467,0.00000
9.63628,0.00000
9.64789,0.00000
9.65950,0.00000
9.67111,0.00000
9.68272,0.00000
9.69433,0.00000
9.70594,0.00000
9.71755,0.00000
9.72916,0.00000
9.74077,0.00000
9.75238,0.00000
9.76399,0.00000
9.77560,0.00000
9.78721,0.00000
9.79882,0.00000
9.81043,0.00000
9.82204,0.00000
9.83365,0.00000
9.84526,0.00000
9.85687,0.00000
9.86848,0.00000
9.88009,0.00000
9.89170,0.00000
9.90331,261.62557
9.91492,261.62557
9.92653,261.62557
9.93814,261.62557
9.94975,261.62557
9.96136,261.62557
9.97297,261.62557
9.98458,261.62557
9.99619,261.62557
10.00780,261.62557
10.01941,261.62557
10.03102,261.62557
10.04263,261.62557
10.05424,261.62557
10.06585,261.62557
10.07746,261.62557
10.08907,261.62557
10.10068,261.62557
10.11229,261.62557
10.12390,261.62557
10.13551,261.62557
10.14712,261.62557
10.15873,261.62557
10.17034,261.62557
10.18195,261.62557
10.19356,0.00000
10.20517,293.66477
10.21678,293.66477
10.22839,293.66477
10.24000,293.66477
10.25161,293.66477
10.26322,293.66477
10.27483,293.66477
10.28644,293.66477
10.29805,293.66477
10.30966,293.66477
10.32127,293.66477
10.33288,293.66477
10.34449,293.66477
10.35610,293.66477
10.36771,293.66477
10.37932,293.66477
10.39093,293.66477
10.40254,293.66477
10.41415,293.66477
10.42576,293.66477
10.43737,293.66477
10.44898,293.66477
10.46059,293.66477
10.47220,293.66477
10.48381,293.66477
10.49542,0.00000
10.50703,261.62557
10.51864,261.62557
10.53025,261.62557
10.54186,261.62557
10.55347,261.62557
10.56508,261.62557
10.57669,261.62557
10.58830,261.62557
10.59991,261.62557
10.61152,261.62557
10.62313,261.62557
10.63474,261.62557
10.64635,261.62557
10.65796,261.62557
10.66957,261.62557
10.68118,261.62557
10.69279,261.62557
10.70440,261.62557
10.71601,261.62557
10.72762,261.62557
10.73923,261.62557
10.75084,261.62557
10.76245,261.62557
10.77406,261.62557
10.78567,261.62557
10.79728,0.00000
10.80889,391.99544
10.82050,391.99544
10.83211,391.99544
10.84372,391.99544
10.85533,391.99544
10.86694,391.99544
10.87855,391.99544
10.89016,391.99544
10.90177,391.99544
10.91338,391.99544
10.92499,391.99544
10.93660,391.99544
10.94821,391.99544
10.95982,391.99544
10.97143,391.99544
10.98304,391.99544
10.99465,391.99544
11.00626,391.99544
11.01787,391.99544
11.02948,391.99544
11.04109,391.99544
11.05270,391.99544
11.06431,391.99544
11.07592,391.99544
11.08753,391.99544
11.09914,0.00000
11.11075,391.99544
11.12236,391.99544
11.13397,391.99544
11.14558,391.99544
11.15719,391.99544
11.16880,391.99544
11.18041,391.99544
11.19202,391.99544
11.20363,391.99544
11.21524,391.99544
11.22685,391.99544
11.23846,391.99544
11.25007,391.99544
11.26168,391.99544
11.27329,391.99544
11.28490,391.99544
11.29651,391.99544
11.30812,391.99544
11.31973,391.99544
11.33134,391.99544
11.34295,391.99544
11.35456,391.99544
11.36617,391.99544
11.37778,391.99544
11.38939,391.99544
11.40100,391.99544
11.41261,391.99544
11.42422,391.99544
11.43583,391.99544
11.44744,391.99544
11.45905,391.99544
11.47066,391.99544
11.48227,391.99544
11.49388,391.99544
11.50549,391.99544
11.51710,391.99544
11.52871,391.99544
11.54032,391.99544
11.55193,391.99544
11.56354,391.99544
11.57515,391.99544
11.58676,391.99544
11.59837,391.99544
11.60998,391.99544
11.62159,391.99544
11.63320,391.99544
11.64481,391.99544
11.65642,391.99544
11.66803,391.99544
11.67964,391.99544
11.69125,391.99544
11.70286,391.99544
11.71447,391.99544
11.72608,391.99544
11.73769,391.99544
11.74930,391.99544
11.76091,391.99544
11.77252,391.99544
11.78413,391.99544
11.79574,391.99544
11.80735,391.99544
11.81896,391.99544
11.83057,391.99544
11.84218,391.99544
11.85379,391.99544
11.86540,391.99544
11.87701,391.99544
11.88862,391.99544
11.90023,391.99544
11.91184,391.99544
11.92345,391.99544
11.93506,391.99544
11.94667,391.99544
11.95828,391.99544
11.96989,391.99544
11.98150,391.99544
11.99311,0.00000
12.00472,0.00000
12.01633,0.00000
12.02794,0.00000
12.03955,0.00000
12.05116,0.00000
12.06277,0.00000
12.07438,0.00000
12.08599,0.00000
12.09760,0.00000
12.10921,0.00000
12.12082,0.00000
12.13243,0.00000
12.14404,0.00000
12.15565,0.00000
12.16726,0.00000
12.17887,0.00000
12.19048,0.00000
12.20209,0.00000
12.21370,0.00000
12.22531,0.00000
12.23692,0.00000
12.24853,0.00000
12.26014,0.00000
12.27175,0.00000
12.28336,0.00000
12.29497,0.00000
12.30658,293.66477
12.31819,293.66477
12.32980,293.66477
12.34141,293.66477
12.35302,293.66477
12.36463,293.66477
12.37624,293.66477
12.38785,293.66477
12.39946,293.66477
12.41107,293.66477
12.42268,293.66477
12.43429,293.66477
12.44590,293.66477
12.45751,293.66477
12.46912,293.66477
12.48073,293.66477
12.49234,293.66477
12.50395,293.66477
12.51556,293.66477
12.52717,293.66477
12.53878,293.66477
12.55039,293.66477
12.56200,293.66477
12.57361,293.66477
12.58522,293.66477
12.59683,0.00000
12.60844,329.62756
12.62005,329.62756
12.63166,329.62756
12.64327,329.62756
12.65488,329.62756
12.66649,329.62756
12.67810,329.62756
12.68971,329.62756
12.70132,329.62756
12.71293,329.62756
12.72454,329.62756
12.73615,329.62756
12.74776,329.62756
12.75937,329.62756
12.77098,329.62756
12.78259,329.62756
12.79420,329.62756
12.80580,329.62756
12.81741,329.62756
12.82902,329.62756
12.84063,329.62756
12.85224,329.62756
12.86385,329.62756
12.87546,329.62756
12.88707,329.62756
12.89868,0.00000
12.91029,293.66477
12.92190,293.66477
12.93351,293.66477
12.94512,293.66477
12.95673,293.66477
12.96834,293.66477
12.97995,293.66477
12.99156,293.66477
13.00317,293.66477
13.01478,293.66477
13.02639,293.66477
13.03800,293.66477
13.04961,293.66477
13.06122,293.66477
13.07283,293.66477
13.08444,293.66477
13.09605,293.66477
13.10766,293.66477
13.11927,293.66477
13.13088,293.66477
13.14249,293.66477
13.15410,293.66477
13.16571,293.66477
13.17732,293.66477
13.18893,0.00000
13.20054,440.00000
13.21215,440.00000
13.22376,440.00000
13.23537,440.00000
13.24698,440.00000
13.25859,440.00000
13.27020,440.00000
13.28181,440.00000
13.29342,440.00000
13.30503,440.00000
13.31664,440.00000
13.32825,440.00000
13.33986,440.00000
13.35147,440.00000
13.36308,440.00000
13.37469,440.00000
13.38630,440.00000
13.39791,440.00000
13.40952,440.00000
13.42113,440.00000
13.43274,440.00000
13.44435,440.00000
13.45596,440.00000
13.46757,440.00000
13.47918,440.00000
13.49079,0.00000
13.50240,440.00000
13.51401,440.00000
13.52562,440.00000
13.53723,440.00000
13.54884,440.00000
13.56045,440.00000
13.57206,440.00000
13.58367,440.00000
13.59528,440.00000
13.60689,440.00000
13.61850,440.00000
13.63011,440.00000
13.64172,440.00000
13.65333,440.00000
13.66494,440.00000
13.67655,440.00000
13.68816,440.00000
13.69977,440.00000
13.71138,440.00000
13.72299,440.00000
13.73460,440.00000
13.74621,440.00000
13.75782,440.00000
13.76943,440.00000
13.78104,440.00000
13.79265,440.00000
13.80426,440.00000
13.81587,440.00000
13.82748,440.00000
13.83909,440.00000
13.85070,440.00000
13.86231,440.00000
13.87392,440.00000
13.88553,440.00000
13.89714,440.00000
13.90875,440.00000
13.92036,440.00000
13.93197,440.00000
13.94358,440.00000
13.95519,440.00000
13.96680,440.00000
13.97841,440.00000
13.99002,440.00000
14.00163,440.00000
14.01324,440.00000
14.02485,440.00000
14.03646,440.00000
14.04807,440.00000
14.05968,440.00000
14.07129,440.00000
14.08290,440.00000
14.09451,0.00000
14.10612,391.99544
14.11773,391.99544
14.12934,391.99544
14.14095,391.99544
14.15256,391.99544
14.16417,391.99544
14.17578,391.99544
14.18739,391.99544
14.19900,391.99544
14.21061,391.99544
14.22222,391.99544
14.23383,391.99544
14.24544,391.99544
14.25705,391.99544
14.26866,391.99544
14.28027,391.99544
14.29188,391.99544
14.30349,391.99544
14.31510,391.99544
14.32671,391.99544
14.33832,391.99544
14.34993,391.99544
14.36154,391.99544
14.37315,391.99544
14.38476,391.99544
14.39637,0.00000
14.40798,329.62756
14.41959,329.62756
14.43120,329.62756
14.44281,329.62756
14.45442,329.62756
14.46603,329.62756
14.47764,329.62756
14.48925,329.62756
14.50086,329.62756
14.51247,329.62756
14.52408,329.62756
14.53569,329.62756
14.54730,329.62756
14.55891,329.62756
14.57052,329.62756
14.58213,329.62756
14.59374,329.62756
14.60535,329.62756
14.61696,329.62756
14.62857,329.62756
14.64018,329.62756
14.65179,329.62756
14.66340,329.62756
14.67501,329.62756
14.68662,329.62756
14.69823,329.62756
14.70984,329.62756
14.72145,329.62756
14.73306,329.62756
14.74467,329.62756
14.75628,329.62756
14.76789,329.62756
14.77950,329.62756
14.79111,329.62756
14.80272,329.62756
14.81433,329.62756
14.82594,329.62756
14.83755,329.62756
14.84916,329.62756
14.86077,329.62756
14.87238,329.62756
14.88399,329.62756
14.89560,329.62756
14.90721,329.62756
14.91882,329.62756
14.93043,329.62756
14.94204,329.62756
14.95365,329.62756
14.96526,329.62756
14.97687,329.62756
14.98848,329.62756
15.00009,329.62756
15.01170,329.62756
15.02331,329.62756
15.03492,329.62756
15.04653,329.62756
15.05814,329.62756
15.06975,329.62756
15.08136,329.62756
15.09297,329.62756
15.10458,329.62756
15.11619,329.62756
15.12780,329.62756
15.13941,329.62756
15.15102,329.62756
15.16263,329.62756
15.17424,329.62756
15.18585,329.62756
15.19746,329.62756
15.20907,329.62756
15.22068,329.62756
15.23229,329.62756
15.24390,329.62756
15.25551,329.62756
15.26712,329.62756
15.27873,329.62756
15.29034,329.62756
15.30195,329.62756
15.31356,329.62756
15.32517,329.62756
15.33678,329.62756
15.34839,329.62756
15.36000,329.62756
15.37161,329.62756
15.38322,329.62756
15.39483,329.62756
15.40644,329.62756
15.41805,329.62756
15.42966,329.62756
15.44127,329.62756
15.45288,329.62756
15.46449,329.62756
15.47610,329.62756
15.48771,329.62756
15.49932,329.62756
15.51093,329.62756
15.52254,329.62756
15.53415,329.62756
15.54576,329.62756
15.55737,329.62756
15.56898,329.62756
15.58059,329.62756
15.59220,329.62756
15.60381,329.62756
15.61542,329.62756
15.62703,329.62756
15.63864,329.62756
15.65025,329.62756
15.66186,329.62756
15.67347,329.62756
15.68508,329.62756
15.69669,329.62756
15.70830,329.62756
15.71991,329.62756
15.73152,329.62756
15.74313,329.62756
15.75474,329.62756
15.76635,329.62756
15.77796,329.62756
15.78957,329.62756
15.80118,329.62756
15.81279,329.62756
15.82440,329.62756
15.83601,329.62756
15.84762,329.62756
15.85923,329.62756
15.87084,329.62756
15.88245,329.62756
15.89406,329.62756
15.90567,329.62756
15.91728,329.62756
15.92889,329.62756
15.94050,329.62756
15.95211,329.62756
15.96372,329.62756
15.97533,329.62756
15.98694,329.62756
15.99855,329.62756
16.01016,329.62756
16.02177,329.62756
16.03338,329.62756
16.04499,329.62756
16.05660,329.62756
16.06821,329.62756
16.07982,329.62756
16.09143,329.62756
16.10304,329.62756
16.11465,329.62756
16.12626,329.62756
16.13787,329.62756
16.14948,329.62756
16.16109,329.62756
16.17270,329.62756
16.18431,329.62756
16.19592,329.62756
16.20753,329.62756
16.21914,329.62756
16.23075,329.62756
16.24236,329.62756
16.25397,329.62756
16.26558,329.62756
16.27719,329.62756
16.28880,329.62756
16.30041,329.62756
16.31202,329.62756
16.32363,329.62756
16.33524,329.62756
16.34685,329.62756
16.35846,329.62756
16.37007,329.62756
16.38168,329.62756
16.39329,329.62756
16.40490,329.62756
16.41651,329.62756
16.42812,329.62756
16.43973,329.62756
16.45134,329.62756
16.46295,329.62756
16.47456,329.62756
16.48617,329.62756
16.49778,329.62756
16.50939,329.62756
16.52100,329.62756
16.53261,329.62756
16.54422,329.62756
16.55583,329.62756
16.56744,329.62756
16.57905,329.62756
16.59066,329.62756
16.60227,329.62756
16.61388,329.62756
16.62549,329.62756
16.63710,329.62756
16.64871,329.62756
16.66032,329.62756
16.67193,329.62756
16.68354,329.62756
16.69515,329.62756
16.70676,329.62756
16.71837,329.62756
16.72998,329.62756
16.74159,329.62756
16.75320,329.62756
16.76481,329.62756
16.77642,329.62756
16.78803,329.62756
16.79964,329.62756
16.81125,329.62756
16.82286,329.62756
16.83447,329.62756
16.84608,329.62756
16.85769,329.62756
16.86930,329.62756
16.88091,329.62756
16.89252,329.62756
16.90413,329.62756
16.91574,329.62756
16.92735,329.62756
16.93896,329.62756
16.95057,329.62756
16.96218,329.62756
16.97379,329.62756
16.98540,329.62756
16.99701,329.62756
17.00862,329.62756
17.02023,329.62756
17.03184,329.62756
17.04345,329.62756
17.05506,329.62756
17.06667,329.62756
17.07828,329.62756
17.08989,329.62756
17.10150,329.62756
17.11311,329.62756
17.12472,329.62756
17.13633,329.62756
17.14794,329.62756
17.15955,329.62756
17.17116,329.62756
17.18277,329.62756
17.19438,329.62756
17.20599,329.62756
17.21760,329.62756
17.22921,329.62756
17.24082,329.62756
17.25243,329.62756
17.26404,329.62756
17.27565,329.62756
17.28726,329.62756
17.29887,329.62756
17.31048,329.62756
17.32209,329.62756
17.33370,329.62756
17.34531,329.62756
17.35692,329.62756
17.36853,329.62756
17.38014,329.62756
17.39175,329.62756
17.40336,329.62756
17.41497,329.62756
17.42658,329.62756
17.43819,329.62756
17.44980,329.62756
17.46141,329.62756
17.47302,329.62756
17.48463,329.62756
17.49624,329.62756
17.50785,329.62756
17.51946,329.62756
17.53107,329.62756
17.54268,329.62756
17.55429,329.62756
17.56590,329.62756
17.57751,329.62756
17.58912,329.62756
17.60073,329.62756
17.61234,329.62756
17.62395,329.62756
17.63556,329.62756
17.64717,329.62756
17.65878,329.62756
17.67039,329.62756
17.68200,329.62756
17.69361,329.62756
17.70522,329.62756
17.71683,329.62756
17.72844,329.62756
17.74005,329.62756
17.75166,329.62756
17.76327,329.62756
17.77488,329.62756
17.78649,329.62756
17.79810,329.62756
17.80971,329.62756
17.82132,329.62756
17.83293,329.62756
17.84454,329.62756
17.85615,329.62756
17.86776,329.62756
17.87937,329.62756
17.89098,329.62756
17.90259,329.62756
17.91420,329.62756
17.92580,329.62756
17.93741,329.62756
17.94902,329.62756
17.96063,329.62756
17.97224,329.62756
17.98385,329.62756
17.99546,0.00000
18.00707,0.00000
18.01868,0.00000
18.03029,0.00000
18.04190,0.00000
18.05351,0.00000
18.06512,0.00000
18.07673,0.00000
18.08834,0.00000
18.09995,0.00000
18.11156,0.00000
18.12317,0.00000
18.13478,0.00000
18.14639,0.00000
18.15800,0.00000
18.16961,0.00000
18.18122,0.00000
18.19283,0.00000
18.20444,0.00000
18.21605,0.00000
18.22766,0.00000
18.23927,0.00000
18.25088,0.00000
18.26249,0.00000
18.27410,0.00000
18.28571,0.00000
18.29732,0.00000
18.30893,0.00000
18.32054,0.00000
18.33215,0.00000
18.34376,0.00000
18.35537,0.00000
18.36698,0.00000
18.37859,0.00000
18.39020,0.00000
18.40181,0.00000
18.41342,0.00000
18.42503,0.00000
18.43664,0.00000
18.44825,0.00000
18.45986,0.00000
18.47147,0.00000
18.48308,0.00000
18.49469,0.00000
18.50630,0.00000
18.51791,0.00000
18.52952,0.00000
18.54113,0.00000
18.55274,0.00000
18.56435,0.00000
18.57596,0.00000
18.58757,0.00000
18.59918,0.00000
18.61079,0.00000
18.62240,0.00000
18.63401,0.00000
18.64562,0.00000
18.65723,0.00000
18.66884,0.00000
18.68045,0.00000
18.69206,0.00000
18.70367,0.00000
18.71528,0.00000
18.72689,0.00000
18.73850,0.00000
18.75011,0.00000
18.76172,0.00000
18.77333,0.00000
18.78494,0.00000
18.79655,0.00000
18.80816,0.00000
18.81977,0.00000
18.83138,0.00000
18.84299,0.00000
18.85460,0.00000
18.86621,0.00000
18.87782,0.00000
18.88943,0.00000
18.90104,0.00000
18.91265,0.00000
18.92426,0.00000
18.93587,0.00000
18.94748,0.00000
18.95909,0.00000
18.97070,0.00000
18.98231,0.00000
18.99392,0.00000
19.00553,0.00000
19.01714,0.00000
19.02875,0.00000
19.04036,0.00000
19.05197,0.00000
19.06358,0.00000
19.07519,0.00000
19.08680,0.00000
19.09841,0.00000
19.11002,0.00000
19.12163,0.00000
19.13324,0.00000
19.14485,0.00000
19.15646,0.00000
19.16807,0.00000
19.17968,0.00000
19.19129,0.00000
19.20290,261.62557
19.21451,261.62557
19.22612,261.62557
19.23773,261.62557
19.24934,261.62557
19.26095,261.62557
19.27256,261.62557
19.28417,261.62557
19.29578,261.62557
19.30739,261.62557
19.31900,261.62557
19.33061,261.62557
19.34222,261.62557
19.35383,261.62557
19.36544,261.62557
19.37705,261.62557
19.38866,261.62557
19.40027,261.62557
19.41188,261.62557
19.42349,261.62557
19.43510,261.62557
19.44671,261.62557
19.45832,261.62557
19.46993,261.62557
19.48154,261.62557
19.49315,261.62557
19.50476,261.62557
19.51637,261.62557
19.52798,261.62557
19.53959,261.62557
19.55120,261.62557
19.56281,261.62557
19.57442,261.62557
19.58603,261.62557
19.59764,261.62557
19.60925,261.62557
19.62086,261.62557
19.63247,261.62557
19.64408,261.62557
19.65569,261.62557
19.66730,261.62557
19.67891,261.62557
19.69052,261.62557
19.70213,261.62557
19.71374,261.62557
19.72535,261.62557
19.73696,261.62557
19.74857,261.62557
19.76018,261.62557
19.77179,261.62557
19.78340,261.62557
19.79501,261.62557
19.80662,261.62557
19.81823,261.62557
19.82984,261.62557
19.84145,261.62557
19.85306,261.62557
19.86467,261.62557
19.87628,261.62557
19.88789,261.62557
19.89950,261.62557
19.91111,261.62557
19.92272,261.62557
19.93433,261.62557
19.94594,261.62557
19.95755,261.62557
19.96916,261.62557
19.98077,261.62557
19.99238,261.62557
20.00399,261.62557
20.01560,261.62557
20.02721,261.62557
20.03882,261.62557
20.05043,261.62557
20.06204,261.62557
20.07365,261.62557
20.08526,261.62557
20.09687,261.62557
20.10848,261.62557
20.12009,261.62557
20.13170,261.62557
20.14331,261.62557
20.15492,261.62557
20.16653,261.62557
20.17814,261.62557
20.18975,261.62557
20.20136,261.62557
20.21297,261.62557
20.22458,261.62557
20.23619,261.62557
20.24780,261.62557
20.25941,261.62557
20.27102,261.62557
20.28263,261.62557
20.29424,261.62557
20.30585,261.62557
20.31746,261.62557
20.32907,261.62557
20.34068,261.62557
20.35229,261.62557
20.36390,261.62557
20.37551,261.62557
20.38712,261.62557
20.39873,261.62557
20.41034,261.62557
20.42195,261.62557
20.43356,261.62557
20.44517,261.62557
20.45678,261.62557
20.46839,261.62557
20.48000,261.62557
20.49161,261.62557
20.50322,261.62557
20.51483,261.62557
20.52644,261.62557
20.53805,261.62557
20.54966,261.62557
20.56127,261.62557
20.57288,261.62557
20.58449,261.62557
20.59610,261.62557
20.60771,261.62557
20.61932,261.62557
20.63093,261.62557
20.64254,261.62557
20.65415,261.62557
20.66576,261.62557
20.67737,261.62557
20.68898,261.62557
20.70059,261.62557
20.71220,261.62557
20.72381,261.62557
20.73542,261.62557
20.74703,261.62557
20.75864,261.62557
20.77025,261.62557
20.78186,261.62557
20.79347,261.62557
20.80508,261.62557
20.81669,261.62557
20.82830,261.62557
20.83991,261.62557
20.85152,261.62557
20.86313,261.62557
20.87474,261.62557
20.88635,261.62557
20.89796,261.62557
20.90957,261.62557
20.92118,261.62557
20.93279,261.62557
20.94440,261.62557
20.95601,261.62557
20.96762,261.62557
20.97923,261.62557
20.99084,261.62557
21.00245,261.62557
21.01406,261.62557
21.02567,261.62557
21.03728,261.62557
21.04889,261.62557
21.06050,261.62557
21.07211,261.62557
21.08372,261.62557
21.09533,261.62557
21.10694,261.62557
21.11855,261.62557
21.13016,261.62557
21.14177,261.62557
21.15338,261.62557
21.16499,261.62557
21.17660,261.62557
21.18821,261.62557
21.19982,261.62557
21.21143,261.62557
21.22304,261.62557
21.23465,261.62557
21.24626,261.62557
21.25787,261.62557
21.26948,261.62557
21.28109,261.62557
21.29270,261.62557
21.30431,261.62557
21.31592,261.62557
21.32753,261.62557
21.33914,261.62557
21.35075,261.62557
21.36236,261.62557
21.37397,261.62557
21.38558,261.62557
21.39719,261.62557
21.40880,261.62557
21.42041,261.62557
21.43202,261.62557
21.44363,261.62557
21.45524,261.62557
21.46685,261.62557
21.47846,261.62557
21.49007,261.62557
21.50168,261.62557
21.51329,261.62557
21.52490,261.62557
21.53651,261.62557
21.54812,261.62557
21.55973,261.62557
21.57134,261.62557
21.58295,261.62557
21.59456,261.62557
21.60617,261.62557
21.61778,261.62557
21.62939,261.62557
21.64100,261.62557
21.65261,261.62557
21.66422,261.62557
21.67583,261.62557
21.68744,261.62557
21.69905,261.62557
21.71066,261.62557
21.72227,261.62557
21.73388,261.62557
21.74549,261.62557
21.75710,261.62557
21.76871,261.62557
21.78032,261.62557
21.79193,261.62557
21.80354,261.62557
21.81515,261.62557
21.82676,261.62557
21.83837,261.62557
21.84998,261.62557
21.86159,261.62557
21.87320,261.62557
21.88481,261.62557
21.89642,261.62557
21.90803,261.62557
21.91964,261.62557
21.93125,261.62557
21.94286,261.62557
21.95447,261.62557
21.96608,261.62557
21.97769,261.62557
21.98930,261.62557
22.00091,261.62557
22.01252,261.62557
22.02413,261.62557
22.03574,261.62557
22.04735,261.62557
22.05896,261.62557
22.07057,261.62557
22.08218,261.62557
22.09379,261.62557
22.10540,261.62557
22.11701,261.62557
22.12862,261.62557
22.14023,261.62557
22.15184,261.62557
22.16345,261.62557
22.17506,261.62557
22.18667,261.62557
22.19828,261.62557
22.20989,261.62557
22.22150,261.62557
22.23311,261.62557
22.24472,261.62557
22.25633,261.62557
22.26794,261.62557
22.27955,261.62557
22.29116,261.62557
22.30277,261.62557
22.31438,261.62557
22.32599,261.62557
22.33760,261.62557
22.34921,261.62557
22.36082,261.62557
22.37243,261.62557
22.38404,261.62557
22.39565,261.62557
22.40726,261.62557
22.41887,261.62557
22.43048,261.62557
22.44209,261.62557
22.45370,261.62557
22.46531,261.62557
22.47692,261.62557
22.48853,261.62557
22.50014,261.62557
22.51175,261.62557
22.52336,261.62557
22.53497,261.62557
22.54658,261.62557
22.55819,261.62557
22.56980,261.62557
22.58141,261.62557
22.59302,261.62557
22.60463,261.62557
22.61624,261.62557
22.62785,261.62557
22.63946,261.62557
22.65107,261.62557
22.66268,261.62557
22.67429,261.62557
22.68590,261.62557
22.69751,261.62557
22.70912,261.62557
22.72073,261.62557
22.73234,261.62557
22.74395,261.62557
22.75556,261.62557
22.76717,261.62557
22.77878,261.62557
22.79039,0.00000
22.80200,0.00000
22.81361,0.00000
22.82522,0.00000
22.83683,0.00000
22.84844,0.00000
22.86005,0.00000
22.87166,0.00000
22.88327,0.00000
22.89488,0.00000
22.90649,0.00000
22.91810,0.00000
22.92971,0.00000
22.94132,0.00000
22.95293,0.00000
22.96454,0.00000
22.97615,0.00000
22.98776,0.00000
22.99937,0.00000
23.01098,0.00000
23.02259,0.00000
23.03420,0.00000
23.04580,0.00000
23.05741,0.00000
23.06902,0.00000
23.08063,0.00000
23.09224,0.00000
23.10385,0.00000
23.11546,0.00000
23.12707,0.00000
23.13868,0.00000
23.15029,0.00000
23.16190,0.00000
23.17351,0.00000
23.18512,0.00000
23.19673,0.00000
23.20834,0.00000
23.21995,0.00000
23.23156,0.00000
23.24317,0.00000
23.25478,0.00000
23.26639,0.00000
23.27800,0.00000
23.28961,0.00000
23.30122,0.00000
23.31283,0.00000
23.32444,0.00000
23.33605,0.00000
23.34766,0.00000
23.35927,0.00000
23.37088,0.00000
23.38249,0.00000
23.39410,0.00000
23.40571,0.00000
23.41732,0.00000
23.42893,0.00000
23.44054,0.00000
23.45215,0.00000
23.46376,0.00000
23.47537,0.00000
23.48698,0.00000
23.49859,0.00000
23.51020,0.00000
23.52181,0.00000
23.53342,0.00000
23.54503,0.00000
23.55664,0.00000
23.56825,0.00000
23.57986,0.00000
23.59147,0.00000
23.60308,0.00000
23.61469,0.00000
23.62630,0.00000
23.63791,0.00000
23.64952,0.00000
23.66113,0.00000
23.67274,0.00000
23.68435,0.00000
23.69596,0.00000
23.70757,0.00000
23.71918,0.00000
23.73079,0.00000
23.74240,0.00000
23.75401,0.00000
23.76562,0.00000
23.77723,0.00000
23.78884,0.00000
23.80045,0.00000
23.81206,0.00000
23.82367,0.00000
23.83528,0.00000
23.84689,0.00000
23.85850,0.00000
23.87011,0.00000
23.88172,0.00000
23.89333,0.00000
23.90494,0.00000
23.91655,0.00000
23.92816,0.00000
23.93977,0.00000
23.95138,0.00000
23.96299,0.00000
23.97460,0.00000
23.98621,0.00000
23.99782,0.00000
24.00943,0.00000
24.02104,0.00000
24.03265,0.00000
24.04426,0.00000
24.05587,0.00000
24.06748,0.00000
24.07909,0.00000
24.09070,0.00000
24.10231,0.00000
24.11392,0.00000
24.12553,0.00000
24.13714,0.00000
24.14875,0.00000
24.16036,0.00000
24.17197,0.00000
24.18358,0.00000
24.19519,0.00000
24.20680,0.00000
24.21841,0.00000
24.23002,0.00000
24.24163,0.00000
24.25324,0.00000
24.26485,0.00000
24.27646,0.00000
24.28807,0.00000
24.29968,0.00000
24.31129,0.00000
24.32290,0.00000
24.33451,0.00000
24.34612,0.00000
24.35773,0.00000
24.36934,0.00000
24.38095,0.00000
24.39256,0.00000
24.40417,0.00000
24.41578,0.00000
24.42739,0.00000
24.43900,0.00000
24.45061,0.00000
24.46222,0.00000
24.47383,0.00000
24.48544,0.00000
24.49705,0.00000
24.50866,0.00000
24.52027,0.00000
24.53188,0.00000
24.54349,0.00000
24.55510,0.00000
24.56671,0.00000
24.57832,0.00000
24.58993,0.00000
24.60154,523.25113
24.61315,523.25113
24.62476,523.25113
24.63637,523.25113
24.64798,523.25113
24.65959,523.25113
24.67120,523.25113
24.68281,523.25113
24.69442,523.25113
24.70603,523.25113
24.71764,523.25113
24.72925,523.25113
24.74086,523.25113
24.75247,523.25113
24.76408,523.25113
24.77569,523.25113
24.78730,523.25113
24.79891,523.25113
24.81052,523.25113
24.82213,523.25113
24.83374,523.25113
24.84535,523.25113
24.85696,523.25113
24.86857,523.25113
24.88018,523.25113
24.89179,0.00000
24.90340,440.00000
24.91501,440.00000
24.92662,440.00000
24.93823,440.00000
24.94984,440.00000
24.96145,440.00000
24.97306,440.00000
24.98467,440.00000
24.99628,440.00000
25.00789,440.00000
25.01950,440.00000
25.03111,440.00000
25.04272,440.00000
25.05433,440.00000
25.06594,440.00000
25.07755,440.00000
25.08916,440.00000
25.10077,440.00000
25.11238,440.00000
25.12399,440.00000
25.13560,440.00000
25.14721,440.00000
25.15882,440.00000
25.17043,440.00000
25.18204,440.00000
25.19365,0.00000
25.20526,523.25113
25.21687,523.25113
25.22848,523.25113
25.24009,523.25113
25.25170,523.25113
25.26331,523.25113
25.27492,523.25113
25.28653,523.25113
25.29814,523.25113
25.30975,523.25113
25.32136,523.25113
25.33297,523.25113
25.34458,523.25113
25.35619,523.25113
25.36780,523.25113
25.37941,523.25113
25.39102,523.25113
25.40263,523.25113
25.41424,523.25113
25.42585,523.25113
25.43746,523.25113
25.44907,523.25113
25.46068,523.25113
25.47229,523.25113
25.48390,523.25113
25.49551,0.00000
25.50712,440.00000
25.51873,440.00000
25.53034,440.00000
25.54195,440.00000
25.55356,440.00000
25.56517,440.00000
25.57678,440.00000
25.58839,440.00000
25.60000,440.00000
25.61161,440.00000
25.62322,440.00000
25.63483,440.00000
25.64644,440.00000
25.65805,440.00000
25.66966,440.00000
25.68127,440.00000
25.69288,440.00000
25.70449,440.00000
25.71610,440.00000
25.72771,440.00000
25.73932,440.00000
25.75093,440.00000
25.76254,440.00000
25.77415,440.00000
25.78576,440.00000
25.79737,440.00000
25.80898,440.00000
25.82059,440.00000
25.83220,440.00000
25.84381,440.00000
25.85542,440.00000
25.86703,440.00000
25.87864,440.00000
25.89025,440.00000
25.90186,440.00000
25.91347,440.00000
25.92508,440.00000
25.93669,440.00000
25.94830,440.00000
25.95991,440.00000
25.97152,440.00000
25.98313,440.00000
25.99474,440.00000
26.00635,440.00000
26.01796,440.00000
26.02957,440.00000
26.04118,440.00000
26.05279,440.00000
26.06440,440.00000
26.07601,440.00000
26.08762,440.00000
26.09923,440.00000
26.11084,440.00000
26.12245,440.00000
26.13406,440.00000
26.14567,440.00000
26.15728,440.00000
26.16889,440.00000
26.18050,440.00000
26.19211,440.00000
26.20372,440.00000
26.21533,440.00000
26.22694,440.00000
26.23855,440.00000
26.25016,440.00000
26.26177,440.00000
26.27338,440.00000
26.28499,440.00000
26.29660,440.00000
26.30821,440.00000
26.31982,440.00000
26.33143,440.00000
26.34304,440.00000
26.35465,440.00000
26.36626,440.00000
26.37787,440.00000
26.38948,0.00000
26.40109,0.00000
26.41270,0.00000
26.42431,0.00000
26.43592,0.00000
26.44753,0.00000
26.45914,0.00000
26.47075,0.00000
26.48236,0.00000
26.49397,0.00000
26.50558,0.00000
26.51719,0.00000
26.52880,0.00000
26.54041,0.00000
26.55202,0.00000
26.56363,0.00000
26.57524,0.00000
26.58685,0.00000
26.59846,0.00000
26.61007,0.00000
26.62168,0.00000
26.63329,0.00000
26.64490,0.00000
26.65651,0.00000
26.66812,0.00000
26.67973,0.00000
26.69134,0.00000
26.70295,0.00000
26.71456,0.00000
26.72617,0.00000
26.73778,0.00000
26.74939,0.00000
26.76100,0.00000
26.77261,0.00000
26.78422,0.00000
26.79583,0.00000
26.80744,0.00000
26.81905,0.00000
26.83066,0.00000
26.84227,0.00000
26.85388,0.00000
26.86549,0.00000
26.87710,0.00000
26.88871,0.00000
26.90032,0.00000
26.91193,0.00000
26.92354,0.00000
26.93515,0.00000
26.94676,0.00000
26.95837,0.00000
26.96998,0.00000
26.98159,0.00000
26.99320,0.00000
27.00481,523.25113
27.01642,523.25113
27.02803,523.25113
27.03964,523.25113
27.05125,523.25113
27.06286,523.25113
27.07447,523.25113
27.08608,523.25113
27.09769,523.25113
27.10930,523.25113
27.12091,523.25113
27.13252,523.25113
27.14413,523.25113
27.15574,523.25113
27.16735,523.25113
27.17896,523.25113
27.19057,523.25113
27.20218,523.25113
27.21379,523.25113
27.22540,523.25113
27.23701,523.25113
27.24862,523.25113
27.26023,523.25113
27.27184,523.25113
27.28345,523.25113
27.29506,0.00000
27.30667,440.00000
27.31828,440.00000
27.32989,440.00000
27.34150,440.00000
27.35311,440.00000
27.36472,440.00000
27.37633,440.00000
27.38794,440.00000
27.39955,440.00000
27.41116,440.00000
27.42277,440.00000
27.43438,440.00000
27.44599,440.00000
27.45760,440.00000
27.46921,440.00000
27.48082,440.00000
27.49243,440.00000
27.50404,440.00000
27.51565,440.00000
27.52726,440.00000
27.53887,440.00000
27.55048,440.00000
27.56209,440.00000
27.57370,440.00000
27.58531,440.00000
27.59692,0.00000
27.60853,523.25113
27.62014,523.25113
27.63175,523.25113
27.64336,523.25113
27.65497,523.25113
27.66658,523.25113
27.67819,523.25113
27.68980,523.25113
27.70141,523.25113
27.71302,523.25113
27.72463,523.25113
27.73624,523.25113
27.74785,523.25113
27.75946,523.25113
27.77107,523.25113
27.78268,523.25113
27.79429,523.25113
27.80590,523.25113
27.81751,523.25113
27.82912,523.25113
27.84073,523.25113
27.85234,523.25113
27.86395,523.25113
27.87556,523.25113
27.88717,523.25113
27.89878,0.00000
27.91039,440.00000
27.92200,440.00000
27.93361,440.00000
27.94522,440.00000
27.95683,440.00000
27.96844,440.00000
27.98005,440.00000
27.99166,440.00000
28.00327,440.00000
28.01488,440.00000
28.02649,440.00000
28.03810,440.00000
28.04971,440.00000
28.06132,440.00000
28.07293,440.00000
28.08454,440.00000
28.09615,440.00000
28.10776,440.00000
28.11937,440.00000
28.13098,440.00000
28.14259,440.00000
28.15420,440.00000
28.16580,440.00000
28.17741,440.00000
28.18902,440.00000
28.20063,440.00000
28.21224,440.00000
28.22385,440.00000
28.23546,440.00000
28.24707,440.00000
28.25868,440.00000
28.27029,440.00000
28.28190,440.00000
28.29351,440.00000
28.30512,440.00000
28.31673,440.00000
28.32834,440.00000
28.33995,440.00000
28.35156,440.00000
28.36317,440.00000
28.37478,440.00000
28.38639,440.00000
28.39800,440.00000
28.40961,440.00000
28.42122,440.00000
28.43283,440.00000
28.44444,440.00000
28.45605,440.00000
28.46766,440.00000
28.47927,440.00000
28.49088,440.00000
28.50249,440.00000
28.51410,440.00000
28.52571,440.00000
28.53732,440.00000
28.54893,440.00000
28.56054,440.00000
28.57215,440.00000
28.58376,440.00000
28.59537,440.00000
28.60698,440.00000
28.61859,440.00000
28.63020,440.00000
28.64181,440.00000
28.65342,440.00000
28.66503,440.00000
28.67664,440.00000
28.68825,440.00000
28.69986,440.00000
28.71147,440.00000
28.72308,440.00000
28.73469,440.00000
28.74630,440.00000
28.75791,440.00000
28.76952,440.00000
28.78113,440.00000
28.79274,0.00000
28.80435,0.00000
28.81596,0.00000
28.82757,0.00000
28.83918,0.00000
28.85079,0.00000
28.86240,0.00000
28.87401,0.00000
28.88562,0.00000
28.89723,0.00000
28.90884,0.00000
28.92045,0.00000
28.93206,0.00000
28.94367,0.00000
28.95528,0.00000
28.96689,0.00000
28.97850,0.00000
28.99011,0.00000
29.00172,0.00000
29.01333,0.00000
29.02494,0.00000
29.03655,0.00000
29.04816,0.00000
29.05977,0.00000
29.07138,0.00000
29.08299,0.00000
29.09460,0.00000
29.10621,0.00000
29.11782,0.00000
29.12943,0.00000
29.14104,0.00000
29.15265,0.00000
29.16426,0.00000
29.17587,0.00000
29.18748,0.00000
29.19909,0.00000
29.21070,0.00000
29.22231,0.00000
29.23392,0.00000
29.24553,0.00000
29.25714,0.00000
29.26875,0.00000
29.28036,0.00000
29.29197,0.00000
29.30358,0.00000
29.31519,0.00000
29.32680,0.00000
29.33841,0.00000
29.35002,0.00000
29.36163,0.00000
29.37324,0.00000
29.38485,0.00000
29.39646,0.00000
29.40807,523.25113
29.41968,523.25113
29.43129,523.25113
29.44290,523.25113
29.45451,523.25113
29.46612,523.25113
29.47773,523.25113
29.48934,523.25113
29.50095,523.25113
29.51256,523.25113
29.52417,523.25113
29.53578,523.25113
29.54739,523.25113
29.55900,523.25113
29.57061,523.25113
29.58222,523.25113
29.59383,523.25113
29.60544,523.25113
29.61705,523.25113
29.62866,523.25113
29.64027,523.25113
29.65188,523.25113
29.66349,523.25113
29.67510,523.25113
29.68671,523.25113
29.69832,0.00000
29.70993,440.00000
29.72154,440.00000
29.73315,440.00000
29.74476,440.00000
29.75637,440.00000
29.76798,440.00000
29.77959,440.00000
29.79120,440.00000
29.80281,440.00000
29.81442,440.00000
29.82603,440.00000
29.83764,440.00000
29.84925,440.00000
29.86086,440.00000
29.87247,440.00000
29.88408,440.00000
29.89569,440.00000
29.90730,440.00000
29.91891,440.00000
29.93052,440.00000
29.94213,440.00000
29.95374,440.00000
29.96535,440.00000
29.97696,440.00000
29.98857,0.00000
30.00018,523.25113
30.01179,523.25113
30.02340,523.25113
30.03501,523.25113
30.04662,523.25113
30.05823,523.25113
30.06984,523.25113
30.08145,523.25113
30.09306,523.25113
30.10467,523.25113
30.11628,523.25113
30.12789,523.25113
30.13950,523.25113
30.15111,523.25113
30.16272,523.25113
30.17433,523.25113
30.18594,523.25113
30.19755,523.25113
30.20916,523.25113
30.22077,523.25113
30.23238,523.25113
30.24399,523.25113
30.25560,523.25113
30.26721,523.25113
30.27882,523.25113
30.29043,0.00000
30.30204,440.00000
30.31365,440.00000
30.32526,440.00000
30.33687,440.00000
30.34848,440.00000
30.36009,440.00000
30.37170,440.00000
30.38331,440.00000
30.39492,440.00000
30.40653,440.00000
30.41814,440.00000
30.42975,440.00000
30.44136,440.00000
30.45297,440.00000
30.46458,440.00000
30.47619,440.00000
30.48780,440.00000
30.49941,440.00000
30.51102,440.00000
30.52263,440.00000
30.53424,440.00000
30.54585,440.00000
30.55746,440.00000
30.56907,440.00000
30.58068,440.00000
30.59229,440.00000
30.60390,440.00000
30.61551,440.00000
30.62712,440.00000
30.63873,440.00000
30.65034,440.00000
30.66195,440.00000
30.67356,440.00000
30.68517,440.00000
30.69678,440.00000
30.70839,440.00000
30.72000,440.00000
30.73161,440.00000
30.74322,440.00000
30.75483,440.00000
30.76644,440.00000
30.77805,440.00000
30.78966,440.00000
30.80127,440.00000
30.81288,440.00000
30.82449,440.00000
30.83610,440.00000
30.84771,440.00000
30.85932,440.00000
30.87093,440.00000
30.88254,440.00000
30.89415,440.00000
30.90576,440.00000
30.91737,440.00000
30.92898,440.00000
30.94059,440.00000
30.95220,440.00000
30.96381,440.00000
30.97542,440.00000
30.98703,440.00000
30.99864,440.00000
31.01025,440.00000
31.02186,440.00000
31.03347,440.00000
31.04508,440.00000
31.05669,440.00000
31.06830,440.00000
31.07991,440.00000
31.09152,440.00000
31.10313,440.00000
31.11474,440.00000
31.12635,440.00000
31.13796,440.00000
31.14957,440.00000
31.16118,440.00000
31.17279,440.00000
31.18440,440.00000
31.19601,0.00000
31.20762,0.00000
31.21923,0.00000
31.23084,0.00000
31.24245,0.00000
31.25406,0.00000
31.26567,0.00000
31.27728,0.00000
31.28889,0.00000
31.30050,0.00000
31.31211,0.00000
31.32372,0.00000
31.33533,0.00000
31.34694,0.00000
31.35855,0.00000
31.37016,0.00000
31.38177,0.00000
31.39338,0.00000
31.40499,0.00000
31.41660,0.00000
31.42821,0.00000
31.43982,0.00000
31.45143,0.00000
31.46304,0.00000
31.47465,0.00000
31.48626,0.00000
31.49787,0.00000
31.50948,0.00000
31.52109,0.00000
31.53270,0.00000
31.54431,0.00000
31.55592,0.00000
31.56753,0.00000
31.57914,0.00000
31.59075,0.00000
31.60236,0.00000
31.61397,0.00000
31.62558,0.00000
31.63719,0.00000
31.64880,0.00000
31.66041,0.00000
31.67202,0.00000
31.68363,0.00000
31.69524,0.00000
31.70685,0.00000
31.71846,0.00000
31.73007,0.00000
31.74168,0.00000
31.75329,0.00000
31.76490,0.00000
31.77651,0.00000
31.78812,0.00000
31.79973,0.00000
31.81134,554.36526
31.82295,554.36526
31.83456,554.36526
31.84617,554.36526
31.85778,554.36526
31.86939,554.36526
31.88100,554.36526
31.89261,554.36526
31.90422,554.36526
31.91583,554.36526
31.92744,554.36526
31.93905,554.36526
31.95066,554.36526
31.96227,554.36526
31.97388,554.36526
31.98549,554.36526
31.99710,554.36526
32.00871,554.36526
32.02032,554.36526
32.03193,554.36526
32.04354,554.36526
32.05515,554.36526
32.06676,554.36526
32.07837,554.36526
32.08998,0.00000
32.10159,440.00000
32.11320,440.00000
32.12481,440.00000
32.13642,440.00000
32.14803,440.00000
32.15964,440.00000
32.17125,440.00000
32.18286,440.00000
32.19447,440.00000
32.20608,440.00000
32.21769,440.00000
32.22930,440.00000
32.24091,440.00000
32.25252,440.00000
32.26413,440.00000
32.27574,440.00000
32.28735,440.00000
32.29896,440.00000
32.31057,440.00000
32.32218,440.00000
32.33379,440.00000
32.34540,440.00000
32.35701,440.00000
32.36862,440.00000
32.38023,440.00000
32.39184,0.00000
32.40345,554.36526
32.41506,554.36526
32.42667,554.36526
32.43828,554.36526
32.44989,554.36526
32.46150,554.36526
32.47311,554.36526
32.48472,554.36526
32.49633,554.36526
32.50794,554.36526
32.51955,554.36526
32.53116,554.36526
32.54277,554.36526
32.55438,554.36526
32.56599,554.36526
32.57760,554.36526
32.58921,554.36526
32.60082,554.36526
32.61243,554.36526
32.62404,554.36526
32.63565,554.36526
32.64726,554.36526
32.65887,554.36526
32.67048,554.36526
32.68209,554.36526
32.69370,0.00000
32.70531,440.00000
32.71692,440.00000
32.72853,440.00000
32.74014,440.00000
32.75175,440.00000
32.76336,440.00000
32.77497,440.00000
32.78658,440.00000
32.79819,440.00000
32.80980,440.00000
32.82141,440.00000
32.83302,440.00000
32.84463,440.00000
32.85624,440.00000
32.86785,440.00000
32.87946,440.00000
32.89107,440.00000
32.90268,440.00000
32.91429,440.00000
32.92590,440.00000
32.93751,440.00000
32.94912,440.00000
32.96073,440.00000
32.97234,440.00000
32.98395,440.00000
32.99556,440.00000
33.00717,440.00000
33.01878,440.00000
33.03039,440.00000
33.04200,440.00000
33.05361,440.00000
33.06522,440.00000
33.07683,440.00000
33.08844,440.00000
33.10005,440.00000
33.11166,440.00000
33.12327,440.00000
33.13488,440.00000
33.14649,440.00000
33.15810,440.00000
33.16971,440.00000
33.18132,440.00000
33.19293,440.00000
33.20454,440.00000
33.21615,440.00000
33.22776,440.00000
33.23937,440.00000
33.25098,440.00000
33.26259,440.00000
33.27420,440.00000
33.28580,440.00000
33.29741,440.00000
33.30902,440.00000
33.32063,440.00000
33.33224,440.00000
33.34385,440.00000
33.35546,440.00000
33.36707,440.00000
33.37868,440.00000
33.39029,440.00000
33.40190,440.00000
33.41351,440.00000
33.42512,440.00000
33.43673,440.00000
33.44834,440.00000
33.45995,440.00000
33.47156,440.00000
33.48317,440.00000
33.49478,440.00000
33.50639,440.00000
33.51800,440.00000
33.52961,440.00000
33.54122,440.00000
33.55283,440.00000
33.56444,440.00000
33.57605,440.00000
33.58766,440.00000
33.59927,0.00000
33.61088,0.00000
33.62249,0.00000
33.63410,0.00000
33.64571,0.00000
33.65732,0.00000
33.66893,0.00000
33.68054,0.00000
33.69215,0.00000
33.70376,0.00000
33.71537,0.00000
33.72698,0.00000
33.73859,0.00000
33.75020,0.00000
33.76181,0.00000
33.77342,0.00000
33.78503,0.00000
33.79664,0.00000
33.80825,0.00000
33.81986,0.00000
33.83147,0.00000
33.84308,0.00000
33.85469,0.00000
33.86630,0.00000
33.87791,0.00000
33.88952,0.00000
33.90113,0.00000
33.91274,0.00000
33.92435,0.00000
33.93596,0.00000
33.94757,0.00000
33.95918,0.00000
33.97079,0.00000
33.98240,0.00000
33.99401,0.00000
34.00562,0.00000
34.01723,0.00000
34.02884,0.00000
34.04045,0.00000
34.05206,0.00000
34.06367,0.00000
34.07528,0.00000
34.08689,0.00000
34.09850,0.00000
34.11011,0.00000
34.12172,0.00000
34.13333,0.00000
34.14494,0.00000
34.15655,0.00000
34.16816,0.00000
34.17977,0.00000
34.19138,0.00000
34.20299,587.32954
34.21460,587.32954
34.22621,587.32954
34.23782,587.32954
34.24943,587.32954
34.26104,587.32954
34.27265,587.32954
34.28426,587.32954
34.29587,587.32954
34.30748,587.32954
34.31909,587.32954
34.33070,587.32954
34.34231,587.32954
34.35392,587.32954
34.36553,587.32954
34.37714,587.32954
34.38875,587.32954
34.40036,587.32954
34.41197,587.32954
34.42358,587.32954
34.43519,587.32954
34.44680,587.32954
34.45841,587.32954
34.47002,587.32954
34.48163,587.32954
34.49324,587.32954
34.50485,587.32954
34.51646,587.32954
34.52807,587.32954
34.53968,587.32954
34.55129,587.32954
34.56290,587.32954
34.57451,587.32954
34.58612,587.32954
34.59773,587.32954
34.60934,587.32954
34.62095,587.32954
34.63256,587.32954
34.64417,587.32954
34.65578,587.32954
34.66739,587.32954
34.67900,587.32954
34.69061,587.32954
34.70222,587.32954
34.71383,587.32954
34.72544,587.32954
34.73705,587.32954
34.74866,587.32954
34.76027,587.32954
34.77188,587.32954
34.78349,587.32954
34.79510,0.00000
34.80671,587.32954
34.81832,587.32954
34.82993,587.32954
34.84154,587.32954
34.85315,587.32954
34.86476,587.32954
34.87637,587.32954
34.88798,587.32954
34.89959,587.32954
34.91120,587.32954
34.92281,587.32954
34.93442,587.32954
34.94603,587.32954
34.95764,587.32954
34.96925,587.32954
34.98086,587.32954
34.99247,587.32954
35.00408,587.32954
35.01569,587.32954
35.02730,587.32954
35.03891,587.32954
35.05052,587.32954
35.06213,587.32954
35.07374,587.32954
35.08535,587.32954
35.09696,587.32954
35.10857,587.32954
35.12018,587.32954
35.13179,587.32954
35.14340,587.32954
35.15501,587.32954
35.16662,587.32954
35.17823,587.32954
35.18984,587.32954
35.20145,587.32954
35.21306,587.32954
35.22467,587.32954
35.23628,587.32954
35.24789,587.32954
35.25950,587.32954
35.27111,587.32954
35.28272,587.32954
35.29433,587.32954
35.30594,587.32954
35.31755,587.32954
35.32916,587.32954
35.34077,587.32954
35.35238,587.32954
35.36399,587.32954
35.37560,587.32954
35.38721,587.32954
35.39882,0.00000
35.41043,587.32954
35.42204,587.32954
35.43365,587.32954
35.44526,587.32954
35.45687,587.32954
35.46848,587.32954
35.48009,587.32954
35.49170,587.32954
35.50331,587.32954
35.51492,587.32954
35.52653,587.32954
35.53814,587.32954
35.54975,587.32954
35.56136,587.32954
35.57297,587.32954
35.58458,587.32954
35.59619,587.32954
35.60780,587.32954
35.61941,587.32954
35.63102,587.32954
35.64263,587.32954
35.65424,587.32954
35.66585,587.32954
35.67746,587.32954
35.68907,587.32954
35.70068,587.32954
35.71229,587.32954
35.72390,587.32954
35.73551,587.32954
35.74712,587.32954
35.75873,587.32954
35.77034,587.32954
35.78195,587.32954
35.79356,587.32954
35.80517,587.32954
35.81678,587.32954
35.82839,587.32954
35.84000,587.32954
35.85161,587.32954
35.86322,587.32954
35.87483,587.32954
35.88644,587.32954
35.89805,587.32954
35.90966,587.32954
35.92127,587.32954
35.93288,587.32954
35.94449,587.32954
35.95610,587.32954
35.96771,587.32954
35.97932,587.32954
35.99093,0.00000
36.00254,587.32954
36.01415,587.32954
36.02576,587.32954
36.03737,587.32954
36.04898,587.32954
36.06059,587.32954
36.07220,587.32954
36.08381,587.32954
36.09542,587.32954
36.10703,587.32954
36.11864,587.32954
36.13025,587.32954
36.14186,587.32954
36.15347,587.32954
36.16508,587.32954
36.17669,587.32954
36.18830,587.32954
36.19991,587.32954
36.21152,587.32954
36.22313,587.32954
36.23474,587.32954
36.24635,587.32954
36.25796,587.32954
36.26957,587.32954
36.28118,587.32954
36.29279,587.32954
36.30440,587.32954
36.31601,587.32954
36.32762,587.32954
36.33923,587.32954
36.35084,587.32954
36.36245,587.32954
36.37406,587.32954
36.38567,587.32954
36.39728,587.32954
36.40889,587.32954
36.42050,587.32954
36.43211,587.32954
36.44372,587.32954
36.45533,587.32954
36.46694,587.32954
36.47855,587.32954
36.49016,587.32954
36.50177,587.32954
36.51338,587.32954
36.52499,587.32954
36.53660,587.32954
36.54821,587.32954
36.55982,587.32954
36.57143,587.32954
36.58304,587.32954
36.59465,0.00000
36.60626,523.25113
36.61787,523.25113
36.62948,523.25113
36.64109,523.25113
36.65270,523.25113
36.66431,523.25113
36.67592,523.25113
36.68753,523.25113
36.69914,523.25113
36.71075,523.25113
36.72236,523.25113
36.73397,523.25113
36.74558,523.25113
36.75719,523.25113
36.76880,523.25113
36.78041,523.25113
36.79202,523.25113
36.80363,523.25113
36.81524,523.25113
36.82685,523.25113
36.83846,523.25113
36.85007,523.25113
36.86168,523.25113
36.87329,523.25113
36.88490,523.25113
36.89651,523.25113
36.90812,523.25113
36.91973,523.25113
36.93134,523.25113
36.94295,523.25113
36.95456,523.25113
36.96617,523.25113
36.97778,523.25113
36.98939,523.25113
37.00100,523.25113
37.01261,523.25113
37.02422,523.25113
37.03583,523.25113
37.04744,523.25113
37.05905,523.25113
37.07066,523.25113
37.08227,523.25113
37.09388,523.25113
37.10549,523.25113
37.11710,523.25113
37.12871,523.25113
37.14032,523.25113
37.15193,523.25113
37.16354,523.25113
37.17515,523.25113
37.18676,523.25113
37.19837,0.00000
37.20998,493.88330
37.22159,493.88330
37.23320,493.88330
37.24481,493.88330
37.25642,493.88330
37.26803,493.88330
37.27964,493.88330
37.29125,493.88330
37.30286,493.88330
37.31447,493.88330
37.32608,493.88330
37.33769,493.88330
37.34930,493.88330
37.36091,493.88330
37.37252,493.88330
37.38413,493.88330
37.39574,493.88330
37.40735,493.88330
37.41896,493.88330
37.43057,493.88330
37.44218,493.88330
37.45379,493.88330
37.46540,493.88330
37.47701,493.88330
37.48862,493.88330
37.50023,493.88330
37.51184,493.88330
37.52345,493.88330
37.53506,493.88330
37.54667,493.88330
37.55828,493.88330
37.56989,493.88330
37.58150,493.88330
37.59311,493.88330
37.60472,493.88330
37.61633,493.88330
37.62794,493.88330
37.63955,493.88330
37.65116,493.88330
37.66277,493.88330
37.67438,493.88330
37.68599,493.88330
37.69760,493.88330
37.70921,493.88330
37.72082,493.88330
37.73243,493.88330
37.74404,493.88330
37.75565,493.88330
37.76726,493.88330
37.77887,493.88330
37.79048,0.00000
37.80209,440.00000
37.81370,440.00000
37.82531,440.00000
37.83692,440.00000
37.84853,440.00000
37.86014,440.00000
37.87175,440.00000
37.88336,440.00000
37.89497,440.00000
37.90658,440.00000
37.91819,440.00000
37.92980,440.00000
37.94141,440.00000
37.95302,440.00000
37.96463,440.00000
37.97624,440.00000
37.98785,440.00000
37.99946,440.00000
38.01107,440.00000
38.02268,440.00000
38.03429,440.00000
38.04590,440.00000
38.05751,440.00000
38.06912,440.00000
38.08073,440.00000
38.09234,440.00000
38.10395,440.00000
38.11556,440.00000
38.12717,440.00000
38.13878,440.00000
38.15039,440.00000
38.16200,440.00000
38.17361,440.00000
38.18522,440.00000
38.19683,440.00000
38.20844,440.00000
38.22005,440.00000
38.23166,440.00000
38.24327,440.00000
38.25488,440.00000
38.26649,440.00000
38.27810,440.00000
38.28971,440.00000
38.30132,440.00000
38.31293,440.00000
38.32454,440.00000
38.33615,440.00000
38.34776,440.00000
38.35937,440.00000
38.37098,440.00000
38.38259,440.00000
38.39420,0.00000
38.40580,391.99544
38.41741,391.99544
38.42902,391.99544
38.44063,391.99544
38.45224,391.99544
38.46385,391.99544
38.47546,391.99544
38.48707,391.99544
38.49868,391.99544
38.51029,391.99544
38.52190,391.99544
38.53351,391.99544
38.54512,391.99544
38.55673,391.99544
38.56834,391.99544
38.57995,391.99544
38.59156,391.99544
38.60317,391.99544
38.61478,391.99544
38.62639,391.99544
38.63800,391.99544
38.64961,391.99544
38.66122,391.99544
38.67283,391.99544
38.68444,391.99544
38.69605,391.99544
38.70766,391.99544
38.71927,391.99544
38.73088,391.99544
38.74249,391.99544
38.75410,391.99544
38.76571,391.99544
38.77732,391.99544
38.78893,391.99544
38.80054,391.99544
38.81215,391.99544
38.82376,391.99544
38.83537,391.99544
38.84698,391.99544
38.85859,391.99544
38.87020,391.99544
38.88181,391.99544
38.89342,391.99544
38.90503,391.99544
38.91664,391.99544
38.92825,391.99544
38.93986,391.99544
38.95147,391.99544
38.96308,391.99544
38.97469,391.99544
38.98630,391.99544
38.99791,391.99544
39.00952,391.99544
39.02113,391.99544
39.03274,391.99544
39.04435,391.99544
39.05596,391.99544
39.06757,391.99544
39.07918,391.99544
39.09079,391.99544
39.10240,391.99544
39.11401,391.99544
39.12562,391.99544
39.13723,391.99544
39.14884,391.99544
39.16045,391.99544
39.17206,391.99544
39.18367,391.99544
39.19528,391.99544
39.20689,391.99544
39.21850,391.99544
39.23011,391.99544
39.24172,391.99544
39.25333,391.99544
39.26494,391.99544
39.27655,391.99544
39.28816,391.99544
39.29977,391.99544
39.31138,391.99544
39.32299,391.99544
39.33460,391.99544
39.34621,391.99544
39.35782,391.99544
39.36943,391.99544
39.38104,391.99544
39.39265,391.99544
39.40426,391.99544
39.41587,391.99544
39.42748,391.99544
39.43909,391.99544
39.45070,391.99544
39.46231,391.99544
39.47392,391.99544
39.48553,391.99544
39.49714,391.99544
39.50875,391.99544
39.52036,391.99544
39.53197,391.99544
39.54358,391.99544
39.55519,391.99544
39.56680,391.99544
39.57841,391.99544
39.59002,0.00000
39.60163,440.00000
39.61324,440.00000
39.62485,440.00000
39.63646,440.00000
39.64807,440.00000
39.65968,440.00000
39.67129,440.00000
39.68290,440.00000
39.69451,440.00000
39.70612,440.00000
39.71773,440.00000
39.72934,440.00000
39.74095,440.00000
39.75256,440.00000
39.76417,440.00000
39.77578,440.00000
39.78739,440.00000
39.79900,440.00000
39.81061,440.00000
39.82222,440.00000
39.83383,440.00000
39.84544,440.00000
39.85705,440.00000
39.86866,440.00000
39.88027,440.00000
39.89188,440.00000
39.90349,440.00000
39.91510,440.00000
39.92671,440.00000
39.93832,440.00000
39.94993,440.00000
39.96154,440.00000
39.97315,440.00000
39.98476,440.00000
39.99637,440.00000
40.00798,440.00000
40.01959,440.00000
40.03120,440.00000
40.04281,440.00000
40.05442,440.00000
40.06603,440.00000
40.07764,440.00000
40.08925,440.00000
40.10086,440.00000
40.11247,440.00000
40.12408,440.00000
40.13569,440.00000
40.14730,440.00000
40.15891,440.00000
40.17052,440.00000
40.18213,440.00000
40.19374,440.00000
40.20535,440.00000
40.21696,440.00000
40.22857,440.00000
40.24018,440.00000
40.25179,440.00000
40.26340,440.00000
40.27501,440.00000
40.28662,440.00000
40.29823,440.00000
40.30984,440.00000
40.32145,440.00000
40.33306,440.00000
40.34467,440.00000
40.35628,440.00000
40.36789,440.00000
40.37950,440.00000
40.39111,440.00000
40.40272,440.00000
40.41433,440.00000
40.42594,440.00000
40.43755,440.00000
40.44916,440.00000
40.46077,440.00000
40.47238,440.00000
40.48399,440.00000
40.49560,440.00000
40.50721,440.00000
40.51882,440.00000
40.53043,440.00000
40.54204,440.00000
40.55365,440.00000
40.56526,440.00000
40.57687,440.00000
40.58848,440.00000
40.60009,440.00000
40.61170,440.00000
40.62331,440.00000
40.63492,440.00000
40.64653,440.00000
40.65814,440.00000
40.66975,440.00000
40.68136,440.00000
40.69297,440.00000
40.70458,440.00000
40.71619,440.00000
40.72780,440.00000
40.73941,440.00000
40.75102,440.00000
40.76263,440.00000
40.77424,440.00000
40.78585,440.00000
40.79746,0.00000
40.80907,329.62756
40.82068,329.62756
40.83229,329.62756
40.84390,329.62756
40.85551,329.62756
40.86712,329.62756
40.87873,329.62756
40.89034,329.62756
40.90195,329.62756
40.91356,329.62756
40.92517,329.62756
40.93678,329.62756
40.94839,329.62756
40.96000,329.62756
40.97161,329.62756
40.98322,329.62756
40.99483,329.62756
41.00644,329.62756
41.01805,329.62756
41.02966,329.62756
41.04127,329.62756
41.05288,329.62756
41.06449,329.62756
41.07610,329.62756
41.08771,329.62756
41.09932,329.62756
41.11093,329.62756
41.12254,329.62756
41.13415,329.62756
41.14576,329.62756
41.15737,329.62756
41.16898,329.62756
41.18059,329.62756
41.19220,329.62756
41.20381,329.62756
41.21542,329.62756
41.22703,329.62756
41.23864,329.62756
41.25025,329.62756
41.26186,329.62756
41.27347,329.62756
41.28508,329.62756
41.29669,329.62756
41.30830,329.62756
41.31991,329.62756
41.33152,329.62756
41.34313,329.62756
41.35474,329.62756
41.36635,329.62756
41.37796,329.62756
41.38957,329.62756
41.40118,329.62756
41.41279,329.62756
41.42440,329.62756
41.43601,329.62756
41.44762,329.62756
41.45923,329.62756
41.47084,329.62756
41.48245,329.62756
41.49406,329.62756
41.50567,329.62756
41.51728,329.62756
41.52889,329.62756
41.54050,329.62756
41.55211,329.62756
41.56372,329.62756
41.57533,329.62756
41.58694,329.62756
41.59855,329.62756
41.61016,329.62756
41.62177,329.62756
41.63338,329.62756
41.64499,329.62756
41.65660,329.62756
41.66821,329.62756
41.67982,329.62756
41.69143,329.62756
41.70304,329.62756
41.71465,329.62756
41.72626,329.62756
41.73787,329.62756
41.74948,329.62756
41.76109,329.62756
41.77270,329.62756
41.78431,329.62756
41.79592,329.62756
41.80753,329.62756
41.81914,329.62756
41.83075,329.62756
41.84236,329.62756
41.85397,329.62756
41.86558,329.62756
41.87719,329.62756
41.88880,329.62756
41.90041,329.62756
41.91202,329.62756
41.92363,329.62756
41.93524,329.62756
41.94685,329.62756
41.95846,329.62756
41.97007,329.62756
41.98168,329.62756
41.99329,0.00000
42.00490,293.66477
42.01651,293.66477
42.02812,293.66477
42.03973,293.66477
42.05134,293.66477
42.06295,293.66477
42.07456,293.66477
42.08617,293.66477
42.09778,293.66477
42.10939,293.66477
42.12100,293.66477
42.13261,293.66477
42.14422,293.66477
42.15583,293.66477
42.16744,293.66477
42.17905,293.66477
42.19066,293.66477
42.20227,293.66477
42.21388,293.66477
42.22549,293.66477
42.23710,293.66477
42.24871,293.66477
42.26032,293.66477
42.27193,293.66477
42.28354,293.66477
42.29515,293.66477
42.30676,293.66477
42.31837,293.66477
42.32998,293.66477
42.34159,293.66477
42.35320,293.66477
42.36481,293.66477
42.37642,293.66477
42.38803,293.66477
42.39964,293.66477
42.41125,293.66477
42.42286,293.66477
42.43447,293.66477
42.44608,293.66477
42.45769,293.66477
42.46930,293.66477
42.48091,293.66477
42.49252,293.66477
42.50413,293.66477
42.51574,293.66477
42.52735,293.66477
42.53896,293.66477
42.55057,293.66477
42.56218,293.66477
42.57379,293.66477
42.58540,293.66477
42.59701,293.66477
42.60862,293.66477
42.62023,293.66477
42.63184,293.66477
42.64345,293.66477
42.65506,293.66477
42.66667,293.66477
42.67828,293.66477
42.68989,293.66477
42.70150,293.66477
42.71311,293.66477
42.72472,293.66477
42.73633,293.66477
42.74794,293.66477
42.75955,293.66477
42.77116,293.66477
42.78277,293.66477
42.79438,293.66477
42.80599,293.66477
42.81760,293.66477
42.82921,293.66477
42.84082,293.66477
42.85243,293.66477
42.86404,293.66477
42.87565,293.66477
42.88726,293.66477
42.89887,293.66477
42.91048,293.66477
42.92209,293.66477
42.93370,293.66477
42.94531,293.66477
42.95692,293.66477
42.96853,293.66477
42.98014,293.66477
42.99175,293.66477
43.00336,293.66477
43.01497,293.66477
43.02658,293.66477
43.03819,293.66477
43.04980,293.66477
43.06141,293.66477
43.07302,293.66477
43.08463,293.66477
43.09624,293.66477
43.10785,293.66477
43.11946,293.66477
43.13107,293.66477
43.14268,293.66477
43.15429,293.66477
43.16590,293.66477
43.17751,293.66477
43.18912,0.00000
43.20073,0.00000
43.21234,0.00000
43.22395,0.00000
43.23556,0.00000
43.24717,0.00000
43.25878,0.00000
43.27039,0.00000
43.28200,0.00000
43.29361,0.00000
43.30522,0.00000
43.31683,0.00000
43.32844,0.00000
43.34005,0.00000
43.35166,0.00000
43.36327,0.00000
43.37488,0.00000
43.38649,0.00000
43.39810,0.00000
43.40971,0.00000
43.42132,0.00000
43.43293,0.00000
43.44454,0.00000
43.45615,0.00000
43.46776,0.00000
43.47937,0.00000
43.49098,0.00000
43.50259,261.62557
43.51420,261.62557
43.52580,261.62557
43.53741,261.62557
43.54902,261.62557
43.56063,261.62557
43.57224,261.62557
43.58385,261.62557
43.59546,261.62557
43.60707,261.62557
43.61868,261.62557
43.63029,261.62557
43.64190,261.62557
43.65351,261.62557
43.66512,261.62557
43.67673,261.62557
43.68834,261.62557
43.69995,261.62557
43.71156,261.62557
43.72317,261.62557
43.73478,261.62557
43.74639,261.62557
43.75800,261.62557
43.76961,261.62557
43.78122,261.62557
43.79283,0.00000
43.80444,293.66477
43.81605,293.66477
43.82766,293.66477
43.83927,293.66477
43.85088,293.66477
43.86249,293.66477
43.87410,293.66477
43.88571,293.66477
43.89732,293.66477
43.90893,293.66477
43.92054,293.66477
43.93215,293.66477
43.94376,293.66477
43.95537,293.66477
43.96698,293.66477
43.97859,293.66477
43.99020,293.66477
44.00181,293.66477
44.01342,293.66477
44.02503,293.66477
44.03664,293.66477
44.04825,293.66477
44.05986,293.66477
44.07147,293.66477
44.08308,293.66477
44.09469,0.00000
44.10630,261.62557
44.11791,261.62557
44.12952,261.62557
44.14113,261.62557
44.15274,261.62557
44.16435,261.62557
44.17596,261.62557
44.18757,261.62557
44.19918,261.62557
44.21079,261.62557
44.22240,261.62557
44.23401,261.62557
44.24562,261.62557
44.25723,261.62557
44.26884,261.62557
44.28045,261.62557
44.29206,261.62557
44.30367,261.62557
44.31528,261.62557
44.32689,261.62557
44.33850,261.62557
44.35011,261.62557
44.36172,261.62557
44.37333,261.62557
44.38494,261.62557
44.39655,0.00000
44.40816,391.99544
44.41977,391.99544
44.43138,391.99544
44.44299,391.99544
44.45460,391.99544
44.46621,391.99544
44.47782,391.99544
44.48943,391.99544
44.50104,391.99544
44.51265,391.99544
44.52426,391.99544
44.53587,391.99544
44.54748,391.99544
44.55909,391.99544
44.57070,391.99544
44.58231,391.99544
44.59392,391.99544
44.60553,391.99544
44.61714,391.99544
44.62875,391.99544
44.64036,391.99544
44.65197,391.99544
44.66358,391.99544
44.67519,391.99544
44.68680,391.99544
44.69841,0.00000
44.71002,391.99544
44.72163,391.99544
44.73324,391.99544
44.74485,391.99544
44.75646,391.99544
44.76807,391.99544
44.77968,391.99544
44.79129,391.99544
44.80290,391.99544
44.81451,391.99544
44.82612,391.99544
44.83773,391.99544
44.84934,391.99544
44.86095,391.99544
44.87256,391.99544
44.88417,391.99544
44.89578,391.99544
44.90739,391.99544
44.91900,391.99544
44.93061,391.99544
44.94222,391.99544
44.95383,391.99544
44.96544,391.99544
44.97705,391.99544
44.98866,391.99544
45.00027,391.99544
45.01188,391.99544
45.02349,391.99544
45.03510,391.99544
45.04671,391.99544
45.05832,391.99544
45.06993,391.99544
45.08154,391.99544
45.09315,391.99544
45.10476,391.99544
45.11637,391.99544
45.12798,391.99544
45.13959,391.99544
45.15120,391.99544
45.16281,391.99544
45.17442,391.99544
45.18603,391.99544
45.19764,391.99544
45.20925,391.99544
45.22086,391.99544
45.23247,391.99544
45.24408,391.99544
45.25569,391.99544
45.26730,391.99544
45.27891,391.99544
45.29052,391.99544
45.30213,391.99544
45.31374,391.99544
45.32535,391.99544
45.33696,391.99544
45.34857,391.99544
45.36018,391.99544
45.37179,391.99544
45.38340,391.99544
45.39501,391.99544
45.40662,391.99544
45.41823,391.99544
45.42984,391.99544
45.44145,391.99544
45.45306,391.99544
45.46467,391.99544
45.47628,391.99544
45.48789,391.99544
45.49950,391.99544
45.51111,391.99544
45.52272,391.99544
45.53433,391.99544
45.54594,391.99544
45.55755,391.99544
45.56916,391.99544
45.58077,391.99544
45.59238,0.00000
45.60399,0.00000
45.61560,0.00000
45.62721,0.00000
45.63882,0.00000
45.65043,0.00000
45.66204,0.00000
45.67365,0.00000
45.68526,0.00000
45.69687,0.00000
45.70848,0.00000
45.72009,0.00000
45.73170,0.00000
45.74331,0.00000
45.75492,0.00000
45.76653,0.00000
45.77814,0.00000
45.78975,0.00000
45.80136,0.00000
45.81297,0.00000
45.82458,0.00000
45.83619,0.00000
45.84780,0.00000
45.85941,0.00000
45.87102,0.00000
45.88263,0.00000
45.89424,0.00000
45.90585,293.66477
45.91746,293.66477
45.92907,293.66477
45.94068,293.66477
45.95229,293.66477
45.96390,293.66477
45.97551,293.66477
45.98712,293.66477
45.99873,293.66477
46.01034,293.66477
46.02195,293.66477
46.03356,293.66477
46.04517,293.66477
46.05678,293.66477
46.06839,293.66477
46.08000,293.66477
46.09161,293.66477
46.10322,293.66477
46.11483,293.66477
46.12644,293.66477
46.13805,293.66477
46.14966,293.66477
46.16127,293.66477
46.17288,293.66477
46.18449,293.66477
46.19610,0.00000
46.20771,329.62756
46.21932,329.62756
46.23093,329.62756
46.24254,329.62756
46.25415,329.62756
46.26576,329.62756
46.27737,329.62756
46.28898,329.62756
46.30059,329.62756
46.31220,329.62756
46.32381,329.62756
46.33542,329.62756
46.34703,329.62756
46.35864,329.62756
46.37025,329.62756
46.38186,329.62756
46.39347,329.62756
46.40508,329.62756
46.41669,329.62756
46.42830,329.62756
46.43991,329.62756
46.45152,329.62756
46.46313,329.62756
46.47474,329.62756
46.48635,329.62756
46.49796,0.00000
46.50957,293.66477
46.52118,293.66477
46.53279,293.66477
46.54440,293.66477
46.55601,293.66477
46.56762,293.66477
46.57923,293.66477
46.59084,293.66477
46.60245,293.66477
46.61406,293.66477
46.62567,293.66477
46.63728,293.66477
46.64889,293.66477
46.66050,293.66477
46.67211,293.66477
46.68372,293.66477
46.69533,293.66477
46.70694,293.66477
46.71855,293.66477
46.73016,293.66477
46.74177,293.66477
46.75338,293.66477
46.76499,293.66477
46.77660,293.66477
46.78821,293.66477
46.79982,0.00000
46.81143,440.00000
46.82304,440.00000
46.83465,440.00000
46.84626,440.00000
46.85787,440.00000
46.86948,440.00000
46.88109,440.00000
46.89270,440.00000
46.90431,440.00000
46.91592,440.00000
46.92753,440.00000
46.93914,440.00000
46.95075,440.00000
46.96236,440.00000
46.97397,440.00000
46.98558,440.00000
46.99719,440.00000
47.00880,440.00000
47.02041,440.00000
47.03202,440.00000
47.04363,440.00000
47.05524,440.00000
47.06685,440.00000
47.07846,440.00000
47.09007,440.00000
47.10168,440.00000
47.11329,440.00000
47.12490,440.00000
47.13651,440.00000
47.14812,440.00000
47.15973,440.00000
47.17134,440.00000
47.18295,440.00000
47.19456,440.00000
47.20617,440.00000
47.21778,440.00000
47.22939,440.00000
47.24100,440.00000
47.25261,440.00000
47.26422,440.00000
47.27583,440.00000
47.28744,440.00000
47.29905,440.00000
47.31066,440.00000
47.32227,440.00000
47.33388,440.00000
47.34549,440.00000
47.35710,440.00000
47.36871,440.00000
47.38032,440.00000
47.39193,440.00000
47.40354,440.00000
47.41515,440.00000
47.42676,440.00000
47.43837,440.00000
47.44998,440.00000
47.46159,440.00000
47.47320,440.00000
47.48481,440.00000
47.49642,440.00000
47.50803,440.00000
47.51964,440.00000
47.53125,440.00000
47.54286,440.00000
47.55447,440.00000
47.56608,440.00000
47.57769,440.00000
47.58930,440.00000
47.60091,440.00000
47.61252,440.00000
47.62413,440.00000
47.63574,440.00000
47.64735,440.00000
47.65896,440.00000
47.67057,440.00000
47.68218,440.00000
47.69379,440.00000
47.70540,440.00000
47.71701,440.00000
47.72862,440.00000
47.74023,440.00000
47.75184,440.00000
47.76345,440.00000
47.77506,440.00000
47.78667,440.00000
47.79828,440.00000
47.80989,440.00000
47.82150,440.00000
47.83311,440.00000
47.84472,440.00000
47.85633,440.00000
47.86794,440.00000
47.87955,440.00000
47.89116,440.00000
47.90277,440.00000
47.91438,440.00000
47.92599,440.00000
47.93760,440.00000
47.94921,440.00000
47.96082,440.00000
47.97243,440.00000
47.98404,440.00000
47.99565,0.00000
48.00726,0.00000
48.01887,0.00000
48.03048,0.00000
48.04209,0.00000
48.05370,0.00000
48.06531,0.00000
48.07692,0.00000
48.08853,0.00000
48.10014,0.00000
48.11175,0.00000
48.12336,0.00000
48.13497,0.00000
48.14658,0.00000
48.15819,0.00000
48.16980,0.00000
48.18141,0.00000
48.19302,0.00000
48.20463,0.00000
48.21624,0.00000
48.22785,0.00000
48.23946,0.00000
48.25107,0.00000
48.26268,0.00000
48.27429,0.00000
48.28590,0.00000
48.29751,0.00000
48.30912,391.99544
48.32073,391.99544
48.33234,391.99544
48.34395,391.99544
48.35556,391.99544
48.36717,391.99544
48.37878,391.99544
48.39039,391.99544
48.40200,391.99544
48.41361,391.99544
48.42522,391.99544
48.43683,391.99544
48.44844,391.99544
48.46005,391.99544
48.47166,391.99544
48.48327,391.99544
48.49488,391.99544
48.50649,391.99544
48.51810,391.99544
48.52971,391.99544
48.54132,391.99544
48.55293,391.99544
48.56454,391.99544
48.57615,391.99544
48.58776,391.99544
48.59937,0.00000
48.61098,440.00000
48.62259,440.00000
48.63420,440.00000
48.64580,440.00000
48.65741,440.00000
48.66902,440.00000
48.68063,440.00000
48.69224,440.00000
48.70385,440.00000
48.71546,440.00000
48.72707,440.00000
48.73868,440.00000
48.75029,440.00000
48.76190,440.00000
48.77351,440.00000
48.78512,440.00000
48.79673,440.00000
48.80834,440.00000
48.81995,440.00000
48.83156,440.00000
48.84317,440.00000
48.85478,440.00000
48.86639,440.00000
48.87800,440.00000
48.88961,0.00000
48.90122,391.99544
48.91283,391.99544
48.92444,391.99544
48.93605,391.99544
48.94766,391.99544
48.95927,391.99544
48.97088,391.99544
48.98249,391.99544
48.99410,391.99544
49.00571,391.99544
49.01732,391.99544
49.02893,391.99544
49.04054,391.99544
49.05215,391.99544
49.06376,391.99544
49.07537,391.99544
49.08698,391.99544
49.09859,391.99544
49.11020,391.99544
49.12181,391.99544
49.13342,391.99544
49.14503,391.99544
49.15664,391.99544
49.16825,391.99544
49.17986,391.99544
49.19147,0.00000
49.20308,523.25113
49.21469,523.25113
49.22630,523.25113
49.23791,523.25113
49.24952,523.25113
49.26113,523.25113
49.27274,523.25113
49.28435,523.25113
49.29596,523.25113
49.30757,523.25113
49.31918,523.25113
49.33079,523.25113
49.34240,523.25113
49.35401,523.25113
49.36562,523.25113
49.37723,523.25113
49.38884,523.25113
49.40045,523.25113
49.41206,523.25113
49.42367,523.25113
49.43528,523.25113
49.44689,523.25113
49.45850,523.25113
49.47011,523.25113
49.48172,523.25113
49.49333,0.00000
49.50494,523.25113
49.51655,523.25113
49.52816,523.25113
49.53977,523.25113
49.55138,523.25113
49.56299,523.25113
49.57460,523.25113
49.58621,523.25113
49.59782,523.25113
49.60943,523.25113
49.62104,523.25113
49.63265,523.25113
49.64426,523.25113
49.65587,523.25113
49.66748,523.25113
49.67909,523.25113
49.69070,523.25113
49.70231,523.25113
49.71392,523.25113
49.72553,523.25113
49.73714,523.25113
49.74875,523.25113
49.76036,523.25113
49.77197,523.25113
49.78358,523.25113
49.79519,523.25113
49.80680,523.25113
49.81841,523.25113
49.83002,523.25113
49.84163,523.25113
49.85324,523.25113
49.86485,523.25113
49.87646,523.25113
49.88807,523.25113
49.89968,523.25113
49.91129,523.25113
49.92290,523.25113
49.93451,523.25113
49.94612,523.25113
49.95773,523.25113
49.96934,523.25113
49.98095,523.25113
49.99256,523.25113
50.00417,523.25113
50.01578,523.25113
50.02739,523.25113
50.03900,523.25113
50.05061,523.25113
50.06222,523.25113
50.07383,523.25113
50.08544,523.25113
50.09705,0.00000
50.10866,493.88330
50.12027,493.88330
50.13188,493.88330
50.14349,493.88330
50.15510,493.88330
50.16671,493.88330
50.17832,493.88330
50.18993,493.88330
50.20154,493.88330
50.21315,493.88330
50.22476,493.88330
50.23637,493.88330
50.24798,493.88330
50.25959,493.88330
50.27120,493.88330
50.28281,493.88330
50.29442,493.88330
50.30603,493.88330
50.31764,493.88330
50.32925,493.88330
50.34086,493.88330
50.35247,493.88330
50.36408,493.88330
50.37569,493.88330
50.38730,493.88330
50.39891,0.00000
50.41052,587.32954
50.42213,587.32954
50.43374,587.32954
50.44535,587.32954
50.45696,587.32954
50.46857,587.32954
50.48018,587.32954
50.49179,587.32954
50.50340,587.32954
50.51501,587.32954
50.52662,587.32954
50.53823,587.32954
50.54984,587.32954
50.56145,587.32954
50.57306,587.32954
50.58467,587.32954
50.59628,587.32954
50.60789,587.32954
50.61950,587.32954
50.63111,587.32954
50.64272,587.32954
50.65433,587.32954
50.66594,587.32954
50.67755,587.32954
50.68916,0.00000
50.70077,523.25113
50.71238,523.25113
50.72399,523.25113
50.73560,523.25113
50.74721,523.25113
50.75882,523.25113
50.77043,523.25113
50.78204,523.25113
50.79365,523.25113
50.80526,523.25113
50.81687,523.25113
50.82848,523.25113
50.84009,523.25113
50.85170,523.25113
50.86331,523.25113
50.87492,523.25113
50.88653,523.25113
50.89814,523.25113
50.90975,523.25113
50.92136,523.25113
50.93297,523.25113
50.94458,523.25113
50.95619,523.25113
50.96780,523.25113
50.97941,523.25113
50.99102,0.00000
51.00263,440.00000
51.01424,440.00000
51.02585,440.00000
51.03746,440.00000
51.04907,440.00000
51.06068,440.00000
51.07229,440.00000
51.08390,440.00000
51.09551,440.00000
51.10712,440.00000
51.11873,440.00000
51.13034,440.00000
51.14195,440.00000
51.15356,440.00000
51.16517,440.00000
51.17678,440.00000
51.18839,440.00000
51.20000,440.00000
51.21161,440.00000
51.22322,440.00000
51.23483,440.00000
51.24644,440.00000
51.25805,440.00000
51.26966,440.00000
51.28127,440.00000
51.29288,0.00000
51.30449,329.62756
51.31610,329.62756
51.32771,329.62756
51.33932,329.62756
51.35093,329.62756
51.36254,329.62756
51.37415,329.62756
51.38576,329.62756
51.39737,329.62756
51.40898,329.62756
51.42059,329.62756
51.43220,329.62756
51.44381,329.62756
51.45542,329.62756
51.46703,329.62756
51.47864,329.62756
51.49025,329.62756
51.50186,329.62756
51.51347,329.62756
51.52508,329.62756
51.53669,329.62756
51.54830,329.62756
51.55991,329.62756
51.57152,329.62756
51.58313,329.62756
51.59474,329.62756
51.60635,329.62756
51.61796,329.62756
51.62957,329.62756
51.64118,329.62756
51.65279,329.62756
51.66440,329.62756
51.67601,329.62756
51.68762,329.62756
51.69923,329.62756
51.71084,329.62756
51.72245,329.62756
51.73406,329.62756
51.74567,329.62756
51.75728,329.62756
51.76889,329.62756
51.78050,329.62756
51.79211,329.62756
51.80372,329.62756
51.81533,329.62756
51.82694,329.62756
51.83855,329.62756
51.85016,329.62756
51.86177,329.62756
51.87338,329.62756
51.88499,329.62756
51.89660,0.00000
51.90821,311.12698
51.91982,311.12698
51.93143,311.12698
51.94304,311.12698
51.95465,311.12698
51.96626,311.12698
51.97787,311.12698
51.98948,311.12698
52.00109,311.12698
52.01270,311.12698
52.02431,311.12698
52.03592,311.12698
52.04753,311.12698
52.05914,311.12698
52.07075,311.12698
52.08236,311.12698
52.09397,311.12698
52.10558,311.12698
52.11719,311.12698
52.12880,311.12698
52.14041,311.12698
52.15202,311.12698
52.16363,311.12698
52.17524,311.12698
52.18685,311.12698
52.19846,0.00000
52.21007,293.66477
52.22168,293.66477
52.23329,293.66477
52.24490,293.66477
52.25651,293.66477
52.26812,293.66477
52.27973,293.66477
52.29134,293.66477
52.30295,293.66477
52.31456,293.66477
52.32617,293.66477
52.33778,293.66477
52.34939,293.66477
52.36100,293.66477
52.37261,293.66477
52.38422,293.66477
52.39583,293.66477
52.40744,293.66477
52.41905,293.66477
52.43066,293.66477
52.44227,293.66477
52.45388,293.66477
52.46549,293.66477
52.47710,293.66477
52.48871,293.66477
52.50032,293.66477
52.51193,293.66477
52.52354,293.66477
52.53515,293.66477
52.54676,293.66477
52.55837,293.66477
52.56998,293.66477
52.58159,293.66477
52.59320,293.66477
52.60481,293.66477
52.61642,293.66477
52.62803,293.66477
52.63964,293.66477
52.65125,293.66477
52.66286,293.66477
52.67447,293.66477
52.68608,293.66477
52.69769,293.66477
52.70930,293.66477
52.72091,293.66477
52.73252,293.66477
52.74413,293.66477
52.75574,293.66477
52.76735,293.66477
52.77896,293.66477
52.79057,0.00000
52.80218,0.00000
52.81379,0.00000
52.82540,0.00000
52.83701,0.00000
52.84862,0.00000
52.86023,0.00000
52.87184,0.00000
52.88345,0.00000
52.89506,0.00000
52.90667,0.00000
52.91828,0.00000
52.92989,0.00000
52.94150,0.00000
52.95311,0.00000
52.96472,0.00000
52.97633,0.00000
52.98794,0.00000
52.99955,0.00000
53.01116,0.00000
53.02277,0.00000
53.03438,0.00000
53.04599,0.00000
53.05760,0.00000
53.06921,0.00000
53.08082,0.00000
53.09243,0.00000
53.10404,261.62557
53.11565,261.62557
53.12726,261.62557
53.13887,261.62557
53.15048,261.62557
53.16209,261.62557
53.17370,261.62557
53.18531,261.62557
53.19692,261.62557
53.20853,261.62557
53.22014,261.62557
53.23175,261.62557
53.24336,261.62557
53.25497,261.62557
53.26658,261.62557
53.27819,261.62557
53.28980,261.62557
53.30141,261.62557
53.31302,261.62557
53.32463,261.62557
53.33624,261.62557
53.34785,261.62557
53.35946,261.62557
53.37107,261.62557
53.38268,261.62557
53.39429,0.00000
53.40590,293.66477
53.41751,293.66477
53.42912,293.66477
53.44073,293.66477
53.45234,293.66477
53.46395,293.66477
53.47556,293.66477
53.48717,293.66477
53.49878,293.66477
53.51039,293.66477
53.52200,293.66477
53.53361,293.66477
53.54522,293.66477
53.55683,293.66477
53.56844,293.66477
53.58005,293.66477
53.59166,293.66477
53.60327,293.66477
53.61488,293.66477
53.62649,293.66477
53.63810,293.66477
53.64971,293.66477
53.66132,293.66477
53.67293,293.66477
53.68454,293.66477
53.69615,0.00000
53.70776,261.62557
53.71937,261.62557
53.73098,261.62557
53.74259,261.62557
53.75420,261.62557
53.76580,261.62557
53.77741,261.62557
53.78902,261.62557
53.80063,261.62557
53.81224,261.62557
53.82385,261.62557
53.83546,261.62557
53.84707,261.62557
53.85868,261.62557
53.87029,261.62557
53.88190,261.62557
53.89351,261.62557
53.90512,261.62557
53.91673,261.62557
53.92834,261.62557
53.93995,261.62557
53.95156,261.62557
53.96317,261.62557
53.97478,261.62557
53.98639,261.62557
53.99800,0.00000
54.00961,391.99544
54.02122,391.99544
54.03283,391.99544
54.04444,391.99544
54.05605,391.99544
54.06766,391.99544
54.07927,391.99544
54.09088,391.99544
54.10249,391.99544
54.11410,391.99544
54.12571,391.99544
54.13732,391.99544
54.14893,391.99544
54.16054,391.99544
54.17215,391.99544
54.18376,391.99544
54.19537,391.99544
54.20698,391.99544
54.21859,391.99544
54.23020,391.99544
54.24181,391.99544
54.25342,391.99544
54.26503,391.99544
54.27664,391.99544
54.28825,391.99544
54.29986,0.00000
54.31147,391.99544
54.32308,391.99544
54.33469,391.99544
54.34630,391.99544
54.35791,391.99544
54.36952,391.99544
54.38113,391.99544
54.39274,391.99544
54.40435,391.99544
54.41596,391.99544
54.42757,391.99544
54.43918,391.99544
54.45079,391.99544
54.46240,391.99544
54.47401,391.99544
54.48562,391.99544
54.49723,391.99544
54.50884,391.99544
54.52045,391.99544
54.53206,391.99544
54.54367,391.99544
54.55528,391.99544
54.56689,391.99544
54.57850,391.99544
54.59011,391.99544
54.60172,391.99544
54.61333,391.99544
54.62494,391.99544
54.63655,391.99544
54.64816,391.99544
54.65977,391.99544
54.67138,391.99544
54.68299,391.99544
54.69460,391.99544
54.70621,391.99544
54.71782,391.99544
54.72943,391.99544
54.74104,391.99544
54.75265,391.99544
54.76426,391.99544
54.77587,391.99544
54.78748,391.99544
54.79909,391.99544
54.81070,391.99544
54.82231,391.99544
54.83392,391.99544
54.84553,391.99544
54.85714,391.99544
54.86875,391.99544
54.88036,391.99544
54.89197,391.99544
54.90358,391.99544
54.91519,391.99544
54.92680,391.99544
54.93841,391.99544
54.95002,391.99544
54.96163,391.99544
54.97324,391.99544
54.98485,391.99544
54.99646,391.99544
55.00807,391.99544
55.01968,391.99544
55.03129,391.99544
55.04290,391.99544
55.05451,391.99544
55.06612,391.99544
55.07773,391.99544
55.08934,391.99544
55.10095,391.99544
55.11256,391.99544
55.12417,391.99544
55.13578,391.99544
55.14739,391.99544
55.15900,391.99544
55.17061,391.99544
55.18222,391.99544
55.19383,0.00000
55.20544,0.00000
55.21705,0.00000
55.22866,0.00000
55.24027,0.00000
55.25188,0.00000
55.26349,0.00000
55.27510,0.00000
55.28671,0.00000
55.29832,0.00000
55.30993,0.00000
55.32154,0.00000
55.33315,0.00000
55.34476,0.00000
55.35637,0.00000
55.36798,0.00000
55.37959,0.00000
55.39120,0.00000
55.40281,0.00000
55.41442,0.00000
55.42603,0.00000
55.43764,0.00000
55.44925,0.00000
55.46086,0.00000
55.47247,0.00000
55.48408,0.00000
55.49569,0.00000
55.50730,293.66477
55.51891,293.66477
55.53052,293.66477
55.54213,293.66477
55.55374,293.66477
55.56535,293.66477
55.57696,293.66477
55.58857,293.66477
55.60018,293.66477
55.61179,293.66477
55.62340,293.66477
55.63501,293.66477
55.64662,293.66477
55.65823,293.66477
55.66984,293.66477
55.68145,293.66477
55.69306,293.66477
55.70467,293.66477
55.71628,293.66477
55.72789,293.66477
55.73950,293.66477
55.75111,293.66477
55.76272,293.66477
55.77433,293.66477
55.78594,293.66477
55.79755,0.00000
55.80916,329.62756
55.82077,329.62756
55.83238,329.62756
55.84399,329.62756
55.85560,329.62756
55.86721,329.62756
55.87882,329.62756
55.89043,329.62756
55.90204,329.62756
55.91365,329.62756
55.92526,329.62756
55.93687,329.62756
55.94848,329.62756
55.96009,329.62756
55.97170,329.62756
55.98331,329.62756
55.99492,329.62756
56.00653,329.62756
56.01814,329.62756
56.02975,329.62756
56.04136,329.62756
56.05297,329.62756
56.06458,329.62756
56.07619,329.62756
56.08780,329.62756
56.09941,0.00000
56.11102,293.66477
56.12263,293.66477
56.13424,293.66477
56.14585,293.66477
56.15746,293.66477
56.16907,293.66477
56.18068,293.66477
56.19229,293.66477
56.20390,293.66477
56.21551,293.66477
56.22712,293.66477
56.23873,293.66477
56.25034,293.66477
56.26195,293.66477
56.27356,293.66477
56.28517,293.66477
56.29678,293.66477
56.30839,293.66477
56.32000,293.66477
56.33161,293.66477
56.34322,293.66477
56.35483,293.66477
56.36644,293.66477
56.37805,293.66477
56.38966,0.00000
56.40127,440.00000
56.41288,440.00000
56.42449,440.00000
56.43610,440.00000
56.44771,440.00000
56.45932,440.00000
56.47093,440.00000
56.48254,440.00000
56.49415,440.00000
56.50576,440.00000
56.51737,440.00000
56.52898,440.00000
56.54059,440.00000
56.55220,440.00000
56.56381,440.00000
56.57542,440.00000
56.58703,440.00000
56.59864,440.00000
56.61025,440.00000
56.62186,440.00000
56.63347,440.00000
56.64508,440.00000
56.65669,440.00000
56.66830,440.00000
56.67991,440.00000
56.69152,0.00000
56.70313,440.00000
56.71474,440.00000
56.72635,440.00000
56.73796,440.00000
56.74957,440.00000
56.76118,440.00000
56.77279,440.00000
56.78440,440.00000
56.79601,440.00000
56.80762,440.00000
56.81923,440.00000
56.83084,440.00000
56.84245,440.00000
56.85406,440.00000
56.86567,440.00000
56.87728,440.00000
56.88889,440.00000
56.90050,440.00000
56.91211,440.00000
56.92372,440.00000
56.93533,440.00000
56.94694,440.00000
56.95855,440.00000
56.97016,440.00000
56.98177,440.00000
56.99338,440.00000
57.00499,440.00000
57.01660,440.00000
57.02821,440.00000
57.03982,440.00000
57.05143,440.00000
57.06304,440.00000
57.07465,440.00000
57.08626,440.00000
57.09787,440.00000
57.10948,440.00000
57.12109,440.00000
57.13270,440.00000
57.14431,440.00000
57.15592,440.00000
57.16753,440.00000
57.17914,440.00000
57.19075,440.00000
57.20236,440.00000
57.21397,440.00000
57.22558,440.00000
57.23719,440.00000
57.24880,440.00000
57.26041,440.00000
57.27202,440.00000
57.28363,440.00000
57.29524,0.00000
57.30685,391.99544
57.31846,391.99544
57.33007,391.99544
57.34168,391.99544
57.35329,391.99544
57.36490,391.99544
57.37651,391.99544
57.38812,391.99544
57.39973,391.99544
57.41134,391.99544
57.42295,391.99544
57.43456,391.99544
57.44617,391.99544
57.45778,391.99544
57.46939,391.99544
57.48100,391.99544
57.49261,391.99544
57.50422,391.99544
57.51583,391.99544
57.52744,391.99544
57.53905,391.99544
57.55066,391.99544
57.56227,391.99544
57.57388,391.99544
57.58549,391.99544
57.59710,0.00000
57.60871,523.25113
57.62032,523.25113
57.63193,523.25113
57.64354,523.25113
57.65515,523.25113
57.66676,523.25113
57.67837,523.25113
57.68998,523.25113
57.70159,523.25113
57.71320,523.25113
57.72481,523.25113
57.73642,523.25113
57.74803,523.25113
57.75964,523.25113
57.77125,523.25113
57.78286,523.25113
57.79447,523.25113
57.80608,523.25113
57.81769,523.25113
57.82930,523.25113
57.84091,523.25113
57.85252,523.25113
57.86413,523.25113
57.87574,523.25113
57.88735,523.25113
57.89896,523.25113
57.91057,523.25113
57.92218,523.25113
57.93379,523.25113
57.94540,523.25113
57.95701,523.25113
57.96862,523.25113
57.98023,523.25113
57.99184,523.25113
58.00345,523.25113
58.01506,523.25113
58.02667,523.25113
58.03828,523.25113
58.04989,523.25113
58.06150,523.25113
58.07311,523.25113
58.08472,523.25113
58.09633,523.25113
58.10794,523.25113
58.11955,523.25113
58.13116,523.25113
58.14277,523.25113
58.15438,523.25113
58.16599,523.25113
58.17760,523.25113
58.18921,523.25113
58.20082,523.25113
58.21243,523.25113
58.22404,523.25113
58.23565,523.25113
58.24726,523.25113
58.25887,523.25113
58.27048,523.25113
58.28209,523.25113
58.29370,523.25113
58.30531,523.25113
58.31692,523.25113
58.32853,523.25113
58.34014,523.25113
58.35175,523.25113
58.36336,523.25113
58.37497,523.25113
58.38658,523.25113
58.39819,523.25113
58.40980,523.25113
58.42141,523.25113
58.43302,523.25113
58.44463,523.25113
58.45624,523.25113
58.46785,523.25113
58.47946,523.25113
58.49107,523.25113
58.50268,523.25113
58.51429,523.25113
58.52590,523.25113
58.53751,523.25113
58.54912,523.25113
58.56073,523.25113
58.57234,523.25113
58.58395,523.25113
58.59556,523.25113
58.60717,523.25113
58.61878,523.25113
58.63039,523.25113
58.64200,523.25113
58.65361,523.25113
58.66522,523.25113
58.67683,523.25113
58.68844,523.25113
58.70005,523.25113
58.71166,523.25113
58.72327,523.25113
58.73488,523.25113
58.74649,523.25113
58.75810,523.25113
58.76971,523.25113
58.78132,523.25113
58.79293,523.25113
58.80454,523.25113
58.81615,523.25113
58.82776,523.25113
58.83937,523.25113
58.85098,523.25113
58.86259,523.25113
58.87420,523.25113
58.88580,523.25113
58.89741,523.25113
58.90902,523.25113
58.92063,523.25113
58.93224,523.25113
58.94385,523.25113
58.95546,523.25113
58.96707,523.25113
58.97868,523.25113
58.99029,523.25113
59.00190,523.25113
59.01351,523.25113
59.02512,523.25113
59.03673,523.25113
59.04834,523.25113
59.05995,523.25113
59.07156,523.25113
59.08317,523.25113
59.09478,523.25113
59.10639,523.25113
59.11800,523.25113
59.12961,523.25113
59.14122,523.25113
59.15283,523.25113
59.16444,523.25113
59.17605,523.25113
59.18766,523.25113
59.19927,523.25113
59.21088,523.25113
59.22249,523.25113
59.23410,523.25113
59.24571,523.25113
59.25732,523.25113
59.26893,523.25113
59.28054,523.25113
59.29215,523.25113
59.30376,523.25113
59.31537,523.25113
59.32698,523.25113
59.33859,523.25113
59.35020,523.25113
59.36181,523.25113
59.37342,523.25113
59.38503,523.25113
59.39664,523.25113
59.40825,523.25113
59.41986,523.25113
59.43147,523.25113
59.44308,523.25113
59.45469,523.25113
59.46630,523.25113
59.47791,523.25113
59.48952,523.25113
59.50113,523.25113
59.51274,523.25113
59.52435,523.25113
59.53596,523.25113
59.54757,523.25113
59.55918,523.25113
59.57079,523.25113
59.58240,523.25113
59.59401,523.25113
59.60562,523.25113
59.61723,523.25113
59.62884,523.25113
59.64045,523.25113
59.65206,523.25113
59.66367,523.25113
59.67528,523.25113
59.68689,523.25113
59.69850,523.25113
59.71011,523.25113
59.72172,523.25113
59.73333,523.25113
59.74494,523.25113
59.75655,523.25113
59.76816,523.25113
59.77977,523.25113
59.79138,523.25113
59.80299,523.25113
59.81460,523.25113
59.82621,523.25113
59.83782,523.25113
59.84943,523.25113
59.86104,523.25113
59.87265,523.25113
59.88426,523.25113
59.89587,523.25113
59.90748,523.25113
59.91909,523.25113
59.93070,523.25113
59.94231,523.25113
59.95392,523.25113
59.96553,523.25113
59.97714,523.25113
59.98875,523.25113
60.00036,523.25113
60.01197,523.25113
60.02358,523.25113
60.03519,523.25113
60.04680,523.25113
60.05841,523.25113
60.07002,523.25113
60.08163,523.25113
60.09324,523.25113
60.10485,523.25113
60.11646,523.25113
60.12807,523.25113
60.13968,523.25113
60.15129,523.25113
60.16290,523.25113
60.17451,523.25113
60.18612,523.25113
60.19773,523.25113
60.20934,523.25113
60.22095,523.25113
60.23256,523.25113
60.24417,523.25113
60.25578,523.25113
60.26739,523.25113
60.27900,523.25113
60.29061,523.25113
60.30222,523.25113
60.31383,523.25113
60.32544,523.25113
60.33705,523.25113
60.34866,523.25113
60.36027,523.25113
60.37188,523.25113
60.38349,523.25113
60.39510,523.25113
60.40671,523.25113
60.41832,523.25113
60.42993,523.25113
60.44154,523.25113
60.45315,523.25113
60.46476,523.25113
60.47637,523.25113
60.48798,523.25113
60.49959,523.25113
60.51120,523.25113
60.52281,523.25113
60.53442,523.25113
60.54603,523.25113
60.55764,523.25113
60.56925,523.25113
60.58086,523.25113
60.59247,523.25113
60.60408,523.25113
60.61569,523.25113
60.62730,523.25113
60.63891,523.25113
60.65052,523.25113
60.66213,523.25113
60.67374,523.25113
60.68535,523.25113
60.69696,523.25113
60.70857,523.25113
60.72018,523.25113
60.73179,523.25113
60.74340,523.25113
60.75501,523.25113
60.76662,523.25113
60.77823,523.25113
60.78984,523.25113
60.80145,523.25113
60.81306,523.25113
60.82467,523.25113
60.83628,523.25113
60.84789,523.25113
60.85950,523.25113
60.87111,523.25113
60.88272,523.25113
60.89433,523.25113
60.90594,523.25113
60.91755,523.25113
60.92916,523.25113
60.94077,523.25113
60.95238,523.25113
60.96399,523.25113
60.97560,523.25113
60.98721,523.25113
60.99882,523.25113
61.01043,523.25113
61.02204,523.25113
61.03365,523.25113
61.04526,523.25113
61.05687,523.25113
61.06848,523.25113
61.08009,523.25113
61.09170,523.25113
61.10331,523.25113
61.11492,523.25113
61.12653,523.25113
61.13814,523.25113
61.14975,523.25113
61.16136,523.25113
61.17297,523.25113
61.18458,523.25113
61.19619,0.00000
